date,time,open,high,low,close,volume,amount,settelementPrice,openInterest,preClose,suspendFlag
20200716,1594828800000,,,,,0,0.0,0.0,0,,1
20200717,1594915200000,,,,,0,0.0,0.0,0,,1
20200720,1595174400000,,,,,0,0.0,0.0,0,,1
20200721,1595260800000,,,,,0,0.0,0.0,0,,1
20200722,1595347200000,,,,,0,0.0,0.0,0,,1
20200723,1595433600000,,,,,0,0.0,0.0,0,,1
20200724,1595520000000,,,,,0,0.0,0.0,0,,1
20200727,1595779200000,,,,,0,0.0,0.0,0,,1
20200728,1595865600000,,,,,0,0.0,0.0,0,,1
20200729,1595952000000,,,,,0,0.0,0.0,0,,1
20200730,1596038400000,,,,,0,0.0,0.0,0,,1
20200731,1596124800000,,,,,0,0.0,0.0,0,,1
20200803,1596384000000,,,,,0,0.0,0.0,0,,1
20200804,1596470400000,,,,,0,0.0,0.0,0,,1
20200805,1596556800000,,,,,0,0.0,0.0,0,,1
20200806,1596643200000,,,,,0,0.0,0.0,0,,1
20200807,1596729600000,,,,,0,0.0,0.0,0,,1
20200810,1596988800000,,,,,0,0.0,0.0,0,,1
20200811,1597075200000,,,,,0,0.0,0.0,0,,1
20200812,1597161600000,,,,,0,0.0,0.0,0,,1
20200813,1597248000000,,,,,0,0.0,0.0,0,,1
20200814,1597334400000,,,,,0,0.0,0.0,0,,1
20200817,1597593600000,,,,,0,0.0,0.0,0,,1
20200818,1597680000000,,,,,0,0.0,0.0,0,,1
20200819,1597766400000,,,,,0,0.0,0.0,0,,1
20200820,1597852800000,,,,,0,0.0,0.0,0,,1
20200821,1597939200000,,,,,0,0.0,0.0,0,,1
20200824,1598198400000,,,,,0,0.0,0.0,0,,1
20200825,1598284800000,,,,,0,0.0,0.0,0,,1
20200826,1598371200000,,,,,0,0.0,0.0,0,,1
20200827,1598457600000,,,,,0,0.0,0.0,0,,1
20200828,1598544000000,,,,,0,0.0,0.0,0,,1
20200831,1598803200000,,,,,0,0.0,0.0,0,,1
20200901,1598889600000,,,,,0,0.0,0.0,0,,1
20200902,1598976000000,,,,,0,0.0,0.0,0,,1
20200903,1599062400000,,,,,0,0.0,0.0,0,,1
20200904,1599148800000,,,,,0,0.0,0.0,0,,1
20200907,1599408000000,,,,,0,0.0,0.0,0,,1
20200908,1599494400000,,,,,0,0.0,0.0,0,,1
20200909,1599580800000,,,,,0,0.0,0.0,0,,1
20200910,1599667200000,,,,,0,0.0,0.0,0,,1
20200911,1599753600000,,,,,0,0.0,0.0,0,,1
20200914,1600012800000,,,,,0,0.0,0.0,0,,1
20200915,1600099200000,,,,,0,0.0,0.0,0,,1
20200916,1600185600000,,,,,0,0.0,0.0,0,,1
20200917,1600272000000,,,,,0,0.0,0.0,0,,1
20200918,1600358400000,,,,,0,0.0,0.0,0,,1
20200921,1600617600000,,,,,0,0.0,0.0,0,,1
20200922,1600704000000,,,,,0,0.0,0.0,0,,1
20200923,1600790400000,,,,,0,0.0,0.0,0,,1
20200924,1600876800000,,,,,0,0.0,0.0,0,,1
20200925,1600963200000,,,,,0,0.0,0.0,0,,1
20200928,1601222400000,,,,,0,0.0,0.0,0,,1
20200929,1601308800000,,,,,0,0.0,0.0,0,,1
20200930,1601395200000,,,,,0,0.0,0.0,0,,1
20201009,1602172800000,,,,,0,0.0,0.0,0,,1
20201012,1602432000000,,,,,0,0.0,0.0,0,,1
20201013,1602518400000,,,,,0,0.0,0.0,0,,1
20201014,1602604800000,,,,,0,0.0,0.0,0,,1
20201015,1602691200000,,,,,0,0.0,0.0,0,,1
20201016,1602777600000,,,,,0,0.0,0.0,0,,1
20201019,1603036800000,,,,,0,0.0,0.0,0,,1
20201020,1603123200000,,,,,0,0.0,0.0,0,,1
20201021,1603209600000,,,,,0,0.0,0.0,0,,1
20201022,1603296000000,,,,,0,0.0,0.0,0,,1
20201023,1603382400000,,,,,0,0.0,0.0,0,,1
20201026,1603641600000,,,,,0,0.0,0.0,0,,1
20201027,1603728000000,,,,,0,0.0,0.0,0,,1
20201028,1603814400000,,,,,0,0.0,0.0,0,,1
20201029,1603900800000,,,,,0,0.0,0.0,0,,1
20201030,1603987200000,,,,,0,0.0,0.0,0,,1
20201102,1604246400000,,,,,0,0.0,0.0,0,,1
20201103,1604332800000,,,,,0,0.0,0.0,0,,1
20201104,1604419200000,,,,,0,0.0,0.0,0,,1
20201105,1604505600000,,,,,0,0.0,0.0,0,,1
20201106,1604592000000,,,,,0,0.0,0.0,0,,1
20201109,1604851200000,,,,,0,0.0,0.0,0,,1
20201110,1604937600000,,,,,0,0.0,0.0,0,,1
20201111,1605024000000,,,,,0,0.0,0.0,0,,1
20201112,1605110400000,,,,,0,0.0,0.0,0,,1
20201113,1605196800000,,,,,0,0.0,0.0,0,,1
20201116,1605456000000,,,,,0,0.0,0.0,0,,1
20201117,1605542400000,,,,,0,0.0,0.0,0,,1
20201118,1605628800000,,,,,0,0.0,0.0,0,,1
20201119,1605715200000,,,,,0,0.0,0.0,0,,1
20201120,1605801600000,,,,,0,0.0,0.0,0,,1
20201123,1606060800000,,,,,0,0.0,0.0,0,,1
20201124,1606147200000,,,,,0,0.0,0.0,0,,1
20201125,1606233600000,,,,,0,0.0,0.0,0,,1
20201126,1606320000000,,,,,0,0.0,0.0,0,,1
20201127,1606406400000,,,,,0,0.0,0.0,0,,1
20201130,1606665600000,,,,,0,0.0,0.0,0,,1
20201201,1606752000000,,,,,0,0.0,0.0,0,,1
20201202,1606838400000,,,,,0,0.0,0.0,0,,1
20201203,1606924800000,,,,,0,0.0,0.0,0,,1
20201204,1607011200000,,,,,0,0.0,0.0,0,,1
20201207,1607270400000,,,,,0,0.0,0.0,0,,1
20201208,1607356800000,,,,,0,0.0,0.0,0,,1
20201209,1607443200000,,,,,0,0.0,0.0,0,,1
20201210,1607529600000,,,,,0,0.0,0.0,0,,1
20201211,1607616000000,,,,,0,0.0,0.0,0,,1
20201214,1607875200000,,,,,0,0.0,0.0,0,,1
20201215,1607961600000,,,,,0,0.0,0.0,0,,1
20201216,1608048000000,,,,,0,0.0,0.0,0,,1
20201217,1608134400000,,,,,0,0.0,0.0,0,,1
20201218,1608220800000,,,,,0,0.0,0.0,0,,1
20201221,1608480000000,,,,,0,0.0,0.0,0,,1
20201222,1608566400000,,,,,0,0.0,0.0,0,,1
20201223,1608652800000,,,,,0,0.0,0.0,0,,1
20201224,1608739200000,,,,,0,0.0,0.0,0,,1
20201225,1608825600000,,,,,0,0.0,0.0,0,,1
20201228,1609084800000,,,,,0,0.0,0.0,0,,1
20201229,1609171200000,,,,,0,0.0,0.0,0,,1
20201230,1609257600000,,,,,0,0.0,0.0,0,,1
20201231,1609344000000,,,,,0,0.0,0.0,0,,1
20210104,1609689600000,,,,,0,0.0,0.0,0,,1
20210105,1609776000000,,,,,0,0.0,0.0,0,,1
20210106,1609862400000,,,,,0,0.0,0.0,0,,1
20210107,1609948800000,,,,,0,0.0,0.0,0,,1
20210108,1610035200000,,,,,0,0.0,0.0,0,,1
20210111,1610294400000,,,,,0,0.0,0.0,0,,1
20210112,1610380800000,,,,,0,0.0,0.0,0,,1
20210113,1610467200000,,,,,0,0.0,0.0,0,,1
20210114,1610553600000,,,,,0,0.0,0.0,0,,1
20210115,1610640000000,,,,,0,0.0,0.0,0,,1
20210118,1610899200000,,,,,0,0.0,0.0,0,,1
20210119,1610985600000,,,,,0,0.0,0.0,0,,1
20210120,1611072000000,,,,,0,0.0,0.0,0,,1
20210121,1611158400000,,,,,0,0.0,0.0,0,,1
20210122,1611244800000,,,,,0,0.0,0.0,0,,1
20210125,1611504000000,,,,,0,0.0,0.0,0,,1
20210126,1611590400000,,,,,0,0.0,0.0,0,,1
20210127,1611676800000,,,,,0,0.0,0.0,0,,1
20210128,1611763200000,,,,,0,0.0,0.0,0,,1
20210129,1611849600000,,,,,0,0.0,0.0,0,,1
20210201,1612108800000,,,,,0,0.0,0.0,0,,1
20210202,1612195200000,,,,,0,0.0,0.0,0,,1
20210203,1612281600000,,,,,0,0.0,0.0,0,,1
20210204,1612368000000,,,,,0,0.0,0.0,0,,1
20210205,1612454400000,,,,,0,0.0,0.0,0,,1
20210208,1612713600000,,,,,0,0.0,0.0,0,,1
20210209,1612800000000,,,,,0,0.0,0.0,0,,1
20210210,1612886400000,,,,,0,0.0,0.0,0,,1
20210218,1613577600000,,,,,0,0.0,0.0,0,,1
20210219,1613664000000,,,,,0,0.0,0.0,0,,1
20210222,1613923200000,,,,,0,0.0,0.0,0,,1
20210223,1614009600000,,,,,0,0.0,0.0,0,,1
20210224,1614096000000,,,,,0,0.0,0.0,0,,1
20210225,1614182400000,,,,,0,0.0,0.0,0,,1
20210226,1614268800000,,,,,0,0.0,0.0,0,,1
20210301,1614528000000,,,,,0,0.0,0.0,0,,1
20210302,1614614400000,,,,,0,0.0,0.0,0,,1
20210303,1614700800000,,,,,0,0.0,0.0,0,,1
20210304,1614787200000,,,,,0,0.0,0.0,0,,1
20210305,1614873600000,,,,,0,0.0,0.0,0,,1
20210308,1615132800000,,,,,0,0.0,0.0,0,,1
20210309,1615219200000,,,,,0,0.0,0.0,0,,1
20210310,1615305600000,,,,,0,0.0,0.0,0,,1
20210311,1615392000000,,,,,0,0.0,0.0,0,,1
20210312,1615478400000,,,,,0,0.0,0.0,0,,1
20210315,1615737600000,,,,,0,0.0,0.0,0,,1
20210316,1615824000000,,,,,0,0.0,0.0,0,,1
20210317,1615910400000,,,,,0,0.0,0.0,0,,1
20210318,1615996800000,,,,,0,0.0,0.0,0,,1
20210319,1616083200000,,,,,0,0.0,0.0,0,,1
20210322,1616342400000,,,,,0,0.0,0.0,0,,1
20210323,1616428800000,,,,,0,0.0,0.0,0,,1
20210324,1616515200000,,,,,0,0.0,0.0,0,,1
20210325,1616601600000,,,,,0,0.0,0.0,0,,1
20210326,1616688000000,,,,,0,0.0,0.0,0,,1
20210329,1616947200000,,,,,0,0.0,0.0,0,,1
20210330,1617033600000,,,,,0,0.0,0.0,0,,1
20210331,1617120000000,,,,,0,0.0,0.0,0,,1
20210401,1617206400000,,,,,0,0.0,0.0,0,,1
20210402,1617292800000,,,,,0,0.0,0.0,0,,1
20210406,1617638400000,,,,,0,0.0,0.0,0,,1
20210407,1617724800000,,,,,0,0.0,0.0,0,,1
20210408,1617811200000,,,,,0,0.0,0.0,0,,1
20210409,1617897600000,,,,,0,0.0,0.0,0,,1
20210412,1618156800000,,,,,0,0.0,0.0,0,,1
20210413,1618243200000,,,,,0,0.0,0.0,0,,1
20210414,1618329600000,,,,,0,0.0,0.0,0,,1
20210415,1618416000000,,,,,0,0.0,0.0,0,,1
20210416,1618502400000,,,,,0,0.0,0.0,0,,1
20210419,1618761600000,,,,,0,0.0,0.0,0,,1
20210420,1618848000000,,,,,0,0.0,0.0,0,,1
20210421,1618934400000,,,,,0,0.0,0.0,0,,1
20210422,1619020800000,,,,,0,0.0,0.0,0,,1
20210423,1619107200000,,,,,0,0.0,0.0,0,,1
20210426,1619366400000,,,,,0,0.0,0.0,0,,1
20210427,1619452800000,,,,,0,0.0,0.0,0,,1
20210428,1619539200000,,,,,0,0.0,0.0,0,,1
20210429,1619625600000,,,,,0,0.0,0.0,0,,1
20210430,1619712000000,,,,,0,0.0,0.0,0,,1
20210506,1620230400000,,,,,0,0.0,0.0,0,,1
20210507,1620316800000,,,,,0,0.0,0.0,0,,1
20210510,1620576000000,,,,,0,0.0,0.0,0,,1
20210511,1620662400000,,,,,0,0.0,0.0,0,,1
20210512,1620748800000,,,,,0,0.0,0.0,0,,1
20210513,1620835200000,,,,,0,0.0,0.0,0,,1
20210514,1620921600000,,,,,0,0.0,0.0,0,,1
20210517,1621180800000,,,,,0,0.0,0.0,0,,1
20210518,1621267200000,,,,,0,0.0,0.0,0,,1
20210519,1621353600000,,,,,0,0.0,0.0,0,,1
20210520,1621440000000,,,,,0,0.0,0.0,0,,1
20210521,1621526400000,,,,,0,0.0,0.0,0,,1
20210524,1621785600000,,,,,0,0.0,0.0,0,,1
20210525,1621872000000,,,,,0,0.0,0.0,0,,1
20210526,1621958400000,,,,,0,0.0,0.0,0,,1
20210527,1622044800000,,,,,0,0.0,0.0,0,,1
20210528,1622131200000,,,,,0,0.0,0.0,0,,1
20210531,1622390400000,,,,,0,0.0,0.0,0,,1
20210601,1622476800000,,,,,0,0.0,0.0,0,,1
20210602,1622563200000,,,,,0,0.0,0.0,0,,1
20210603,1622649600000,,,,,0,0.0,0.0,0,,1
20210604,1622736000000,,,,,0,0.0,0.0,0,,1
20210607,1622995200000,,,,,0,0.0,0.0,0,,1
20210608,1623081600000,,,,,0,0.0,0.0,0,,1
20210609,1623168000000,,,,,0,0.0,0.0,0,,1
20210610,1623254400000,,,,,0,0.0,0.0,0,,1
20210611,1623340800000,,,,,0,0.0,0.0,0,,1
20210615,1623686400000,,,,,0,0.0,0.0,0,,1
20210616,1623772800000,,,,,0,0.0,0.0,0,,1
20210617,1623859200000,,,,,0,0.0,0.0,0,,1
20210618,1623945600000,,,,,0,0.0,0.0,0,,1
20210621,1624204800000,,,,,0,0.0,0.0,0,,1
20210622,1624291200000,,,,,0,0.0,0.0,0,,1
20210623,1624377600000,,,,,0,0.0,0.0,0,,1
20210624,1624464000000,,,,,0,0.0,0.0,0,,1
20210625,1624550400000,,,,,0,0.0,0.0,0,,1
20210628,1624809600000,,,,,0,0.0,0.0,0,,1
20210629,1624896000000,,,,,0,0.0,0.0,0,,1
20210630,1624982400000,,,,,0,0.0,0.0,0,,1
20210701,1625068800000,,,,,0,0.0,0.0,0,,1
20210702,1625155200000,,,,,0,0.0,0.0,0,,1
20210705,1625414400000,,,,,0,0.0,0.0,0,,1
20210706,1625500800000,,,,,0,0.0,0.0,0,,1
20210707,1625587200000,,,,,0,0.0,0.0,0,,1
20210708,1625673600000,,,,,0,0.0,0.0,0,,1
20210709,1625760000000,,,,,0,0.0,0.0,0,,1
20210712,1626019200000,,,,,0,0.0,0.0,0,,1
20210713,1626105600000,,,,,0,0.0,0.0,0,,1
20210714,1626192000000,,,,,0,0.0,0.0,0,,1
20210715,1626278400000,,,,,0,0.0,0.0,0,,1
20210716,1626364800000,,,,,0,0.0,0.0,0,,1
20210719,1626624000000,,,,,0,0.0,0.0,0,,1
20210720,1626710400000,,,,,0,0.0,0.0,0,,1
20210721,1626796800000,,,,,0,0.0,0.0,0,,1
20210722,1626883200000,,,,,0,0.0,0.0,0,,1
20210723,1626969600000,,,,,0,0.0,0.0,0,,1
20210726,1627228800000,,,,,0,0.0,0.0,0,,1
20210727,1627315200000,,,,,0,0.0,0.0,0,,1
20210728,1627401600000,,,,,0,0.0,0.0,0,,1
20210729,1627488000000,,,,,0,0.0,0.0,0,,1
20210730,1627574400000,,,,,0,0.0,0.0,0,,1
20210802,1627833600000,,,,,0,0.0,0.0,0,,1
20210803,1627920000000,,,,,0,0.0,0.0,0,,1
20210804,1628006400000,,,,,0,0.0,0.0,0,,1
20210805,1628092800000,,,,,0,0.0,0.0,0,,1
20210806,1628179200000,,,,,0,0.0,0.0,0,,1
20210809,1628438400000,,,,,0,0.0,0.0,0,,1
20210810,1628524800000,,,,,0,0.0,0.0,0,,1
20210811,1628611200000,,,,,0,0.0,0.0,0,,1
20210812,1628697600000,,,,,0,0.0,0.0,0,,1
20210813,1628784000000,,,,,0,0.0,0.0,0,,1
20210816,1629043200000,,,,,0,0.0,0.0,0,,1
20210817,1629129600000,,,,,0,0.0,0.0,0,,1
20210818,1629216000000,,,,,0,0.0,0.0,0,,1
20210819,1629302400000,,,,,0,0.0,0.0,0,,1
20210820,1629388800000,,,,,0,0.0,0.0,0,,1
20210823,1629648000000,,,,,0,0.0,0.0,0,,1
20210824,1629734400000,,,,,0,0.0,0.0,0,,1
20210825,1629820800000,,,,,0,0.0,0.0,0,,1
20210826,1629907200000,,,,,0,0.0,0.0,0,,1
20210827,1629993600000,,,,,0,0.0,0.0,0,,1
20210830,1630252800000,,,,,0,0.0,0.0,0,,1
20210831,1630339200000,,,,,0,0.0,0.0,0,,1
20210901,1630425600000,,,,,0,0.0,0.0,0,,1
20210902,1630512000000,,,,,0,0.0,0.0,0,,1
20210903,1630598400000,,,,,0,0.0,0.0,0,,1
20210906,1630857600000,,,,,0,0.0,0.0,0,,1
20210907,1630944000000,,,,,0,0.0,0.0,0,,1
20210908,1631030400000,,,,,0,0.0,0.0,0,,1
20210909,1631116800000,,,,,0,0.0,0.0,0,,1
20210910,1631203200000,,,,,0,0.0,0.0,0,,1
20210913,1631462400000,,,,,0,0.0,0.0,0,,1
20210914,1631548800000,,,,,0,0.0,0.0,0,,1
20210915,1631635200000,,,,,0,0.0,0.0,0,,1
20210916,1631721600000,,,,,0,0.0,0.0,0,,1
20210917,1631808000000,,,,,0,0.0,0.0,0,,1
20210922,1632240000000,,,,,0,0.0,0.0,0,,1
20210923,1632326400000,,,,,0,0.0,0.0,0,,1
20210924,1632412800000,,,,,0,0.0,0.0,0,,1
20210927,1632672000000,,,,,0,0.0,0.0,0,,1
20210928,1632758400000,,,,,0,0.0,0.0,0,,1
20210929,1632844800000,,,,,0,0.0,0.0,0,,1
20210930,1632931200000,,,,,0,0.0,0.0,0,,1
20211008,1633622400000,,,,,0,0.0,0.0,0,,1
20211011,1633881600000,,,,,0,0.0,0.0,0,,1
20211012,1633968000000,,,,,0,0.0,0.0,0,,1
20211013,1634054400000,,,,,0,0.0,0.0,0,,1
20211014,1634140800000,,,,,0,0.0,0.0,0,,1
20211015,1634227200000,,,,,0,0.0,0.0,0,,1
20211018,1634486400000,,,,,0,0.0,0.0,0,,1
20211019,1634572800000,,,,,0,0.0,0.0,0,,1
20211020,1634659200000,,,,,0,0.0,0.0,0,,1
20211021,1634745600000,,,,,0,0.0,0.0,0,,1
20211022,1634832000000,,,,,0,0.0,0.0,0,,1
20211025,1635091200000,,,,,0,0.0,0.0,0,,1
20211026,1635177600000,,,,,0,0.0,0.0,0,,1
20211027,1635264000000,,,,,0,0.0,0.0,0,,1
20211028,1635350400000,,,,,0,0.0,0.0,0,,1
20211029,1635436800000,,,,,0,0.0,0.0,0,,1
20211101,1635696000000,,,,,0,0.0,0.0,0,,1
20211102,1635782400000,,,,,0,0.0,0.0,0,,1
20211103,1635868800000,,,,,0,0.0,0.0,0,,1
20211104,1635955200000,,,,,0,0.0,0.0,0,,1
20211105,1636041600000,,,,,0,0.0,0.0,0,,1
20211108,1636300800000,,,,,0,0.0,0.0,0,,1
20211109,1636387200000,,,,,0,0.0,0.0,0,,1
20211110,1636473600000,,,,,0,0.0,0.0,0,,1
20211111,1636560000000,,,,,0,0.0,0.0,0,,1
20211112,1636646400000,,,,,0,0.0,0.0,0,,1
20211115,1636905600000,,,,,0,0.0,0.0,0,,1
20211116,1636992000000,,,,,0,0.0,0.0,0,,1
20211117,1637078400000,,,,,0,0.0,0.0,0,,1
20211118,1637164800000,,,,,0,0.0,0.0,0,,1
20211119,1637251200000,,,,,0,0.0,0.0,0,,1
20211122,1637510400000,,,,,0,0.0,0.0,0,,1
20211123,1637596800000,,,,,0,0.0,0.0,0,,1
20211124,1637683200000,,,,,0,0.0,0.0,0,,1
20211125,1637769600000,,,,,0,0.0,0.0,0,,1
20211126,1637856000000,,,,,0,0.0,0.0,0,,1
20211129,1638115200000,,,,,0,0.0,0.0,0,,1
20211130,1638201600000,,,,,0,0.0,0.0,0,,1
20211201,1638288000000,,,,,0,0.0,0.0,0,,1
20211202,1638374400000,,,,,0,0.0,0.0,0,,1
20211203,1638460800000,,,,,0,0.0,0.0,0,,1
20211206,1638720000000,,,,,0,0.0,0.0,0,,1
20211207,1638806400000,,,,,0,0.0,0.0,0,,1
20211208,1638892800000,,,,,0,0.0,0.0,0,,1
20211209,1638979200000,,,,,0,0.0,0.0,0,,1
20211210,1639065600000,,,,,0,0.0,0.0,0,,1
20211213,1639324800000,,,,,0,0.0,0.0,0,,1
20211214,1639411200000,,,,,0,0.0,0.0,0,,1
20211215,1639497600000,,,,,0,0.0,0.0,0,,1
20211216,1639584000000,,,,,0,0.0,0.0,0,,1
20211217,1639670400000,,,,,0,0.0,0.0,0,,1
20211220,1639929600000,,,,,0,0.0,0.0,0,,1
20211221,1640016000000,,,,,0,0.0,0.0,0,,1
20211222,1640102400000,,,,,0,0.0,0.0,0,,1
20211223,1640188800000,,,,,0,0.0,0.0,0,,1
20211224,1640275200000,,,,,0,0.0,0.0,0,,1
20211227,1640534400000,,,,,0,0.0,0.0,0,,1
20211228,1640620800000,,,,,0,0.0,0.0,0,,1
20211229,1640707200000,,,,,0,0.0,0.0,0,,1
20211230,1640793600000,,,,,0,0.0,0.0,0,,1
20211231,1640880000000,,,,,0,0.0,0.0,0,,1
20220104,1641225600000,,,,,0,0.0,0.0,0,,1
20220105,1641312000000,,,,,0,0.0,0.0,0,,1
20220106,1641398400000,,,,,0,0.0,0.0,0,,1
20220107,1641484800000,,,,,0,0.0,0.0,0,,1
20220110,1641744000000,,,,,0,0.0,0.0,0,,1
20220111,1641830400000,,,,,0,0.0,0.0,0,,1
20220112,1641916800000,,,,,0,0.0,0.0,0,,1
20220113,1642003200000,,,,,0,0.0,0.0,0,,1
20220114,1642089600000,,,,,0,0.0,0.0,0,,1
20220117,1642348800000,,,,,0,0.0,0.0,0,,1
20220118,1642435200000,,,,,0,0.0,0.0,0,,1
20220119,1642521600000,,,,,0,0.0,0.0,0,,1
20220120,1642608000000,,,,,0,0.0,0.0,0,,1
20220121,1642694400000,,,,,0,0.0,0.0,0,,1
20220124,1642953600000,,,,,0,0.0,0.0,0,,1
20220125,1643040000000,,,,,0,0.0,0.0,0,,1
20220126,1643126400000,,,,,0,0.0,0.0,0,,1
20220127,1643212800000,,,,,0,0.0,0.0,0,,1
20220128,1643299200000,,,,,0,0.0,0.0,0,,1
20220207,1644163200000,,,,,0,0.0,0.0,0,,1
20220208,1644249600000,,,,,0,0.0,0.0,0,,1
20220209,1644336000000,,,,,0,0.0,0.0,0,,1
20220210,1644422400000,,,,,0,0.0,0.0,0,,1
20220211,1644508800000,,,,,0,0.0,0.0,0,,1
20220214,1644768000000,,,,,0,0.0,0.0,0,,1
20220215,1644854400000,,,,,0,0.0,0.0,0,,1
20220216,1644940800000,,,,,0,0.0,0.0,0,,1
20220217,1645027200000,,,,,0,0.0,0.0,0,,1
20220218,1645113600000,,,,,0,0.0,0.0,0,,1
20220221,1645372800000,,,,,0,0.0,0.0,0,,1
20220222,1645459200000,,,,,0,0.0,0.0,0,,1
20220223,1645545600000,,,,,0,0.0,0.0,0,,1
20220224,1645632000000,,,,,0,0.0,0.0,0,,1
20220225,1645718400000,,,,,0,0.0,0.0,0,,1
20220228,1645977600000,,,,,0,0.0,0.0,0,,1
20220301,1646064000000,,,,,0,0.0,0.0,0,,1
20220302,1646150400000,,,,,0,0.0,0.0,0,,1
20220303,1646236800000,,,,,0,0.0,0.0,0,,1
20220304,1646323200000,,,,,0,0.0,0.0,0,,1
20220307,1646582400000,,,,,0,0.0,0.0,0,,1
20220308,1646668800000,,,,,0,0.0,0.0,0,,1
20220309,1646755200000,,,,,0,0.0,0.0,0,,1
20220310,1646841600000,,,,,0,0.0,0.0,0,,1
20220311,1646928000000,,,,,0,0.0,0.0,0,,1
20220314,1647187200000,,,,,0,0.0,0.0,0,,1
20220315,1647273600000,,,,,0,0.0,0.0,0,,1
20220316,1647360000000,,,,,0,0.0,0.0,0,,1
20220317,1647446400000,,,,,0,0.0,0.0,0,,1
20220318,1647532800000,,,,,0,0.0,0.0,0,,1
20220321,1647792000000,,,,,0,0.0,0.0,0,,1
20220322,1647878400000,,,,,0,0.0,0.0,0,,1
20220323,1647964800000,,,,,0,0.0,0.0,0,,1
20220324,1648051200000,,,,,0,0.0,0.0,0,,1
20220325,1648137600000,,,,,0,0.0,0.0,0,,1
20220328,1648396800000,,,,,0,0.0,0.0,0,,1
20220329,1648483200000,,,,,0,0.0,0.0,0,,1
20220330,1648569600000,,,,,0,0.0,0.0,0,,1
20220331,1648656000000,,,,,0,0.0,0.0,0,,1
20220401,1648742400000,,,,,0,0.0,0.0,0,,1
20220406,1649174400000,,,,,0,0.0,0.0,0,,1
20220407,1649260800000,,,,,0,0.0,0.0,0,,1
20220408,1649347200000,,,,,0,0.0,0.0,0,,1
20220411,1649606400000,,,,,0,0.0,0.0,0,,1
20220412,1649692800000,,,,,0,0.0,0.0,0,,1
20220413,1649779200000,,,,,0,0.0,0.0,0,,1
20220414,1649865600000,,,,,0,0.0,0.0,0,,1
20220415,1649952000000,,,,,0,0.0,0.0,0,,1
20220418,1650211200000,,,,,0,0.0,0.0,0,,1
20220419,1650297600000,,,,,0,0.0,0.0,0,,1
20220420,1650384000000,,,,,0,0.0,0.0,0,,1
20220421,1650470400000,,,,,0,0.0,0.0,0,,1
20220422,1650556800000,,,,,0,0.0,0.0,0,,1
20220425,1650816000000,,,,,0,0.0,0.0,0,,1
20220426,1650902400000,,,,,0,0.0,0.0,0,,1
20220427,1650988800000,,,,,0,0.0,0.0,0,,1
20220428,1651075200000,,,,,0,0.0,0.0,0,,1
20220429,1651161600000,,,,,0,0.0,0.0,0,,1
20220505,1651680000000,,,,,0,0.0,0.0,0,,1
20220506,1651766400000,,,,,0,0.0,0.0,0,,1
20220509,1652025600000,,,,,0,0.0,0.0,0,,1
20220510,1652112000000,,,,,0,0.0,0.0,0,,1
20220511,1652198400000,,,,,0,0.0,0.0,0,,1
20220512,1652284800000,,,,,0,0.0,0.0,0,,1
20220513,1652371200000,,,,,0,0.0,0.0,0,,1
20220516,1652630400000,,,,,0,0.0,0.0,0,,1
20220517,1652716800000,,,,,0,0.0,0.0,0,,1
20220518,1652803200000,,,,,0,0.0,0.0,0,,1
20220519,1652889600000,,,,,0,0.0,0.0,0,,1
20220520,1652976000000,,,,,0,0.0,0.0,0,,1
20220523,1653235200000,,,,,0,0.0,0.0,0,,1
20220524,1653321600000,,,,,0,0.0,0.0,0,,1
20220525,1653408000000,,,,,0,0.0,0.0,0,,1
20220526,1653494400000,,,,,0,0.0,0.0,0,,1
20220527,1653580800000,,,,,0,0.0,0.0,0,,1
20220530,1653840000000,,,,,0,0.0,0.0,0,,1
20220531,1653926400000,,,,,0,0.0,0.0,0,,1
20220601,1654012800000,,,,,0,0.0,0.0,0,,1
20220602,1654099200000,,,,,0,0.0,0.0,0,,1
20220606,1654444800000,,,,,0,0.0,0.0,0,,1
20220607,1654531200000,,,,,0,0.0,0.0,0,,1
20220608,1654617600000,,,,,0,0.0,0.0,0,,1
20220609,1654704000000,,,,,0,0.0,0.0,0,,1
20220610,1654790400000,,,,,0,0.0,0.0,0,,1
20220613,1655049600000,,,,,0,0.0,0.0,0,,1
20220614,1655136000000,,,,,0,0.0,0.0,0,,1
20220615,1655222400000,,,,,0,0.0,0.0,0,,1
20220616,1655308800000,,,,,0,0.0,0.0,0,,1
20220617,1655395200000,,,,,0,0.0,0.0,0,,1
20220620,1655654400000,,,,,0,0.0,0.0,0,,1
20220621,1655740800000,,,,,0,0.0,0.0,0,,1
20220622,1655827200000,,,,,0,0.0,0.0,0,,1
20220623,1655913600000,,,,,0,0.0,0.0,0,,1
20220624,1656000000000,,,,,0,0.0,0.0,0,,1
20220627,1656259200000,,,,,0,0.0,0.0,0,,1
20220628,1656345600000,,,,,0,0.0,0.0,0,,1
20220629,1656432000000,,,,,0,0.0,0.0,0,,1
20220630,1656518400000,,,,,0,0.0,0.0,0,,1
20220701,1656604800000,,,,,0,0.0,0.0,0,,1
20220704,1656864000000,,,,,0,0.0,0.0,0,,1
20220705,1656950400000,,,,,0,0.0,0.0,0,,1
20220706,1657036800000,,,,,0,0.0,0.0,0,,1
20220707,1657123200000,,,,,0,0.0,0.0,0,,1
20220708,1657209600000,,,,,0,0.0,0.0,0,,1
20220711,1657468800000,,,,,0,0.0,0.0,0,,1
20220712,1657555200000,,,,,0,0.0,0.0,0,,1
20220713,1657641600000,,,,,0,0.0,0.0,0,,1
20220714,1657728000000,,,,,0,0.0,0.0,0,,1
20220715,1657814400000,,,,,0,0.0,0.0,0,,1
20220718,1658073600000,,,,,0,0.0,0.0,0,,1
20220719,1658160000000,,,,,0,0.0,0.0,0,,1
20220720,1658246400000,,,,,0,0.0,0.0,0,,1
20220721,1658332800000,,,,,0,0.0,0.0,0,,1
20220722,1658419200000,,,,,0,0.0,0.0,0,,1
20220725,1658678400000,,,,,0,0.0,0.0,0,,1
20220726,1658764800000,,,,,0,0.0,0.0,0,,1
20220727,1658851200000,,,,,0,0.0,0.0,0,,1
20220728,1658937600000,,,,,0,0.0,0.0,0,,1
20220729,1659024000000,,,,,0,0.0,0.0,0,,1
20220801,1659283200000,,,,,0,0.0,0.0,0,,1
20220802,1659369600000,,,,,0,0.0,0.0,0,,1
20220803,1659456000000,,,,,0,0.0,0.0,0,,1
20220804,1659542400000,,,,,0,0.0,0.0,0,,1
20220805,1659628800000,,,,,0,0.0,0.0,0,,1
20220808,1659888000000,,,,,0,0.0,0.0,0,,1
20220809,1659974400000,,,,,0,0.0,0.0,0,,1
20220810,1660060800000,,,,,0,0.0,0.0,0,,1
20220811,1660147200000,,,,,0,0.0,0.0,0,,1
20220812,1660233600000,,,,,0,0.0,0.0,0,,1
20220815,1660492800000,,,,,0,0.0,0.0,0,,1
20220816,1660579200000,,,,,0,0.0,0.0,0,,1
20220817,1660665600000,,,,,0,0.0,0.0,0,,1
20220818,1660752000000,,,,,0,0.0,0.0,0,,1
20220819,1660838400000,,,,,0,0.0,0.0,0,,1
20220822,1661097600000,,,,,0,0.0,0.0,0,,1
20220823,1661184000000,,,,,0,0.0,0.0,0,,1
20220824,1661270400000,,,,,0,0.0,0.0,0,,1
20220825,1661356800000,,,,,0,0.0,0.0,0,,1
20220826,1661443200000,,,,,0,0.0,0.0,0,,1
20220829,1661702400000,,,,,0,0.0,0.0,0,,1
20220830,1661788800000,,,,,0,0.0,0.0,0,,1
20220831,1661875200000,,,,,0,0.0,0.0,0,,1
20220901,1661961600000,,,,,0,0.0,0.0,0,,1
20220902,1662048000000,,,,,0,0.0,0.0,0,,1
20220905,1662307200000,,,,,0,0.0,0.0,0,,1
20220906,1662393600000,,,,,0,0.0,0.0,0,,1
20220907,1662480000000,,,,,0,0.0,0.0,0,,1
20220908,1662566400000,,,,,0,0.0,0.0,0,,1
20220909,1662652800000,,,,,0,0.0,0.0,0,,1
20220913,1662998400000,,,,,0,0.0,0.0,0,,1
20220914,1663084800000,,,,,0,0.0,0.0,0,,1
20220915,1663171200000,,,,,0,0.0,0.0,0,,1
20220916,1663257600000,,,,,0,0.0,0.0,0,,1
20220919,1663516800000,,,,,0,0.0,0.0,0,,1
20220920,1663603200000,,,,,0,0.0,0.0,0,,1
20220921,1663689600000,,,,,0,0.0,0.0,0,,1
20220922,1663776000000,,,,,0,0.0,0.0,0,,1
20220923,1663862400000,,,,,0,0.0,0.0,0,,1
20220926,1664121600000,,,,,0,0.0,0.0,0,,1
20220927,1664208000000,,,,,0,0.0,0.0,0,,1
20220928,1664294400000,,,,,0,0.0,0.0,0,,1
20220929,1664380800000,,,,,0,0.0,0.0,0,,1
20220930,1664467200000,,,,,0,0.0,0.0,0,,1
20221010,1665331200000,,,,,0,0.0,0.0,0,,1
20221011,1665417600000,,,,,0,0.0,0.0,0,,1
20221012,1665504000000,,,,,0,0.0,0.0,0,,1
20221013,1665590400000,,,,,0,0.0,0.0,0,,1
20221014,1665676800000,,,,,0,0.0,0.0,0,,1
20221017,1665936000000,,,,,0,0.0,0.0,0,,1
20221018,1666022400000,,,,,0,0.0,0.0,0,,1
20221019,1666108800000,,,,,0,0.0,0.0,0,,1
20221020,1666195200000,,,,,0,0.0,0.0,0,,1
20221021,1666281600000,,,,,0,0.0,0.0,0,,1
20221024,1666540800000,,,,,0,0.0,0.0,0,,1
20221025,1666627200000,,,,,0,0.0,0.0,0,,1
20221026,1666713600000,,,,,0,0.0,0.0,0,,1
20221027,1666800000000,,,,,0,0.0,0.0,0,,1
20221028,1666886400000,,,,,0,0.0,0.0,0,,1
20221031,1667145600000,,,,,0,0.0,0.0,0,,1
20221101,1667232000000,,,,,0,0.0,0.0,0,,1
20221102,1667318400000,,,,,0,0.0,0.0,0,,1
20221103,1667404800000,,,,,0,0.0,0.0,0,,1
20221104,1667491200000,,,,,0,0.0,0.0,0,,1
20221107,1667750400000,,,,,0,0.0,0.0,0,,1
20221108,1667836800000,,,,,0,0.0,0.0,0,,1
20221109,1667923200000,,,,,0,0.0,0.0,0,,1
20221110,1668009600000,,,,,0,0.0,0.0,0,,1
20221111,1668096000000,,,,,0,0.0,0.0,0,,1
20221114,1668355200000,,,,,0,0.0,0.0,0,,1
20221115,1668441600000,,,,,0,0.0,0.0,0,,1
20221116,1668528000000,,,,,0,0.0,0.0,0,,1
20221117,1668614400000,,,,,0,0.0,0.0,0,,1
20221118,1668700800000,,,,,0,0.0,0.0,0,,1
20221121,1668960000000,,,,,0,0.0,0.0,0,,1
20221122,1669046400000,,,,,0,0.0,0.0,0,,1
20221123,1669132800000,,,,,0,0.0,0.0,0,,1
20221124,1669219200000,,,,,0,0.0,0.0,0,,1
20221125,1669305600000,,,,,0,0.0,0.0,0,,1
20221128,1669564800000,,,,,0,0.0,0.0,0,,1
20221129,1669651200000,,,,,0,0.0,0.0,0,,1
20221130,1669737600000,,,,,0,0.0,0.0,0,,1
20221201,1669824000000,,,,,0,0.0,0.0,0,,1
20221202,1669910400000,,,,,0,0.0,0.0,0,,1
20221205,1670169600000,,,,,0,0.0,0.0,0,,1
20221206,1670256000000,,,,,0,0.0,0.0,0,,1
20221207,1670342400000,,,,,0,0.0,0.0,0,,1
20221208,1670428800000,,,,,0,0.0,0.0,0,,1
20221209,1670515200000,,,,,0,0.0,0.0,0,,1
20221212,1670774400000,,,,,0,0.0,0.0,0,,1
20221213,1670860800000,,,,,0,0.0,0.0,0,,1
20221214,1670947200000,,,,,0,0.0,0.0,0,,1
20221215,1671033600000,,,,,0,0.0,0.0,0,,1
20221216,1671120000000,,,,,0,0.0,0.0,0,,1
20221219,1671379200000,,,,,0,0.0,0.0,0,,1
20221220,1671465600000,,,,,0,0.0,0.0,0,,1
20221221,1671552000000,,,,,0,0.0,0.0,0,,1
20221222,1671638400000,,,,,0,0.0,0.0,0,,1
20221223,1671724800000,,,,,0,0.0,0.0,0,,1
20221226,1671984000000,,,,,0,0.0,0.0,0,,1
20221227,1672070400000,,,,,0,0.0,0.0,0,,1
20221228,1672156800000,,,,,0,0.0,0.0,0,,1
20221229,1672243200000,,,,,0,0.0,0.0,0,,1
20221230,1672329600000,,,,,0,0.0,0.0,0,,1
20230103,1672675200000,,,,,0,0.0,0.0,0,,1
20230104,1672761600000,,,,,0,0.0,0.0,0,,1
20230105,1672848000000,,,,,0,0.0,0.0,0,,1
20230106,1672934400000,,,,,0,0.0,0.0,0,,1
20230109,1673193600000,,,,,0,0.0,0.0,0,,1
20230110,1673280000000,,,,,0,0.0,0.0,0,,1
20230111,1673366400000,,,,,0,0.0,0.0,0,,1
20230112,1673452800000,,,,,0,0.0,0.0,0,,1
20230113,1673539200000,,,,,0,0.0,0.0,0,,1
20230116,1673798400000,,,,,0,0.0,0.0,0,,1
20230117,1673884800000,,,,,0,0.0,0.0,0,,1
20230118,1673971200000,,,,,0,0.0,0.0,0,,1
20230119,1674057600000,,,,,0,0.0,0.0,0,,1
20230120,1674144000000,,,,,0,0.0,0.0,0,,1
20230130,1675008000000,,,,,0,0.0,0.0,0,,1
20230131,1675094400000,,,,,0,0.0,0.0,0,,1
20230201,1675180800000,,,,,0,0.0,0.0,0,,1
20230202,1675267200000,,,,,0,0.0,0.0,0,,1
20230203,1675353600000,,,,,0,0.0,0.0,0,,1
20230206,1675612800000,,,,,0,0.0,0.0,0,,1
20230207,1675699200000,,,,,0,0.0,0.0,0,,1
20230208,1675785600000,,,,,0,0.0,0.0,0,,1
20230209,1675872000000,,,,,0,0.0,0.0,0,,1
20230210,1675958400000,,,,,0,0.0,0.0,0,,1
20230213,1676217600000,,,,,0,0.0,0.0,0,,1
20230214,1676304000000,,,,,0,0.0,0.0,0,,1
20230215,1676390400000,,,,,0,0.0,0.0,0,,1
20230216,1676476800000,,,,,0,0.0,0.0,0,,1
20230217,1676563200000,,,,,0,0.0,0.0,0,,1
20230220,1676822400000,,,,,0,0.0,0.0,0,,1
20230221,1676908800000,,,,,0,0.0,0.0,0,,1
20230222,1676995200000,,,,,0,0.0,0.0,0,,1
20230223,1677081600000,,,,,0,0.0,0.0,0,,1
20230224,1677168000000,,,,,0,0.0,0.0,0,,1
20230227,1677427200000,,,,,0,0.0,0.0,0,,1
20230228,1677513600000,,,,,0,0.0,0.0,0,,1
20230301,1677600000000,,,,,0,0.0,0.0,0,,1
20230302,1677686400000,,,,,0,0.0,0.0,0,,1
20230303,1677772800000,,,,,0,0.0,0.0,0,,1
20230306,1678032000000,,,,,0,0.0,0.0,0,,1
20230307,1678118400000,,,,,0,0.0,0.0,0,,1
20230308,1678204800000,,,,,0,0.0,0.0,0,,1
20230309,1678291200000,,,,,0,0.0,0.0,0,,1
20230310,1678377600000,,,,,0,0.0,0.0,0,,1
20230313,1678636800000,,,,,0,0.0,0.0,0,,1
20230314,1678723200000,,,,,0,0.0,0.0,0,,1
20230315,1678809600000,,,,,0,0.0,0.0,0,,1
20230316,1678896000000,,,,,0,0.0,0.0,0,,1
20230317,1678982400000,,,,,0,0.0,0.0,0,,1
20230320,1679241600000,,,,,0,0.0,0.0,0,,1
20230321,1679328000000,,,,,0,0.0,0.0,0,,1
20230322,1679414400000,,,,,0,0.0,0.0,0,,1
20230323,1679500800000,,,,,0,0.0,0.0,0,,1
20230324,1679587200000,,,,,0,0.0,0.0,0,,1
20230327,1679846400000,,,,,0,0.0,0.0,0,,1
20230328,1679932800000,,,,,0,0.0,0.0,0,,1
20230329,1680019200000,,,,,0,0.0,0.0,0,,1
20230330,1680105600000,,,,,0,0.0,0.0,0,,1
20230331,1680192000000,,,,,0,0.0,0.0,0,,1
20230403,1680451200000,,,,,0,0.0,0.0,0,,1
20230404,1680537600000,,,,,0,0.0,0.0,0,,1
20230406,1680710400000,,,,,0,0.0,0.0,0,,1
20230407,1680796800000,,,,,0,0.0,0.0,0,,1
20230410,1681056000000,,,,,0,0.0,0.0,0,,1
20230411,1681142400000,,,,,0,0.0,0.0,0,,1
20230412,1681228800000,,,,,0,0.0,0.0,0,,1
20230413,1681315200000,,,,,0,0.0,0.0,0,,1
20230414,1681401600000,,,,,0,0.0,0.0,0,,1
20230417,1681660800000,,,,,0,0.0,0.0,0,,1
20230418,1681747200000,,,,,0,0.0,0.0,0,,1
20230419,1681833600000,,,,,0,0.0,0.0,0,,1
20230420,1681920000000,,,,,0,0.0,0.0,0,,1
20230421,1682006400000,,,,,0,0.0,0.0,0,,1
20230424,1682265600000,,,,,0,0.0,0.0,0,,1
20230425,1682352000000,,,,,0,0.0,0.0,0,,1
20230426,1682438400000,,,,,0,0.0,0.0,0,,1
20230427,1682524800000,,,,,0,0.0,0.0,0,,1
20230428,1682611200000,,,,,0,0.0,0.0,0,,1
20230504,1683129600000,,,,,0,0.0,0.0,0,,1
20230505,1683216000000,,,,,0,0.0,0.0,0,,1
20230508,1683475200000,,,,,0,0.0,0.0,0,,1
20230509,1683561600000,,,,,0,0.0,0.0,0,,1
20230510,1683648000000,,,,,0,0.0,0.0,0,,1
20230511,1683734400000,,,,,0,0.0,0.0,0,,1
20230512,1683820800000,,,,,0,0.0,0.0,0,,1
20230515,1684080000000,,,,,0,0.0,0.0,0,,1
20230516,1684166400000,,,,,0,0.0,0.0,0,,1
20230517,1684252800000,,,,,0,0.0,0.0,0,,1
20230518,1684339200000,,,,,0,0.0,0.0,0,,1
20230519,1684425600000,,,,,0,0.0,0.0,0,,1
20230522,1684684800000,,,,,0,0.0,0.0,0,,1
20230523,1684771200000,,,,,0,0.0,0.0,0,,1
20230524,1684857600000,,,,,0,0.0,0.0,0,,1
20230525,1684944000000,,,,,0,0.0,0.0,0,,1
20230526,1685030400000,,,,,0,0.0,0.0,0,,1
20230529,1685289600000,,,,,0,0.0,0.0,0,,1
20230530,1685376000000,,,,,0,0.0,0.0,0,,1
20230531,1685462400000,,,,,0,0.0,0.0,0,,1
20230601,1685548800000,,,,,0,0.0,0.0,0,,1
20230602,1685635200000,,,,,0,0.0,0.0,0,,1
20230605,1685894400000,,,,,0,0.0,0.0,0,,1
20230606,1685980800000,,,,,0,0.0,0.0,0,,1
20230607,1686067200000,,,,,0,0.0,0.0,0,,1
20230608,1686153600000,,,,,0,0.0,0.0,0,,1
20230609,1686240000000,,,,,0,0.0,0.0,0,,1
20230612,1686499200000,,,,,0,0.0,0.0,0,,1
20230613,1686585600000,,,,,0,0.0,0.0,0,,1
20230614,1686672000000,,,,,0,0.0,0.0,0,,1
20230615,1686758400000,,,,,0,0.0,0.0,0,,1
20230616,1686844800000,,,,,0,0.0,0.0,0,,1
20230619,1687104000000,,,,,0,0.0,0.0,0,,1
20230620,1687190400000,,,,,0,0.0,0.0,0,,1
20230621,1687276800000,,,,,0,0.0,0.0,0,,1
20230626,1687708800000,,,,,0,0.0,0.0,0,,1
20230627,1687795200000,,,,,0,0.0,0.0,0,,1
20230628,1687881600000,,,,,0,0.0,0.0,0,,1
20230629,1687968000000,,,,,0,0.0,0.0,0,,1
20230630,1688054400000,,,,,0,0.0,0.0,0,,1
20230703,1688313600000,,,,,0,0.0,0.0,0,,1
20230704,1688400000000,,,,,0,0.0,0.0,0,,1
20230705,1688486400000,,,,,0,0.0,0.0,0,,1
20230706,1688572800000,,,,,0,0.0,0.0,0,,1
20230707,1688659200000,,,,,0,0.0,0.0,0,,1
20230710,1688918400000,,,,,0,0.0,0.0,0,,1
20230711,1689004800000,,,,,0,0.0,0.0,0,,1
20230712,1689091200000,,,,,0,0.0,0.0,0,,1
20230713,1689177600000,,,,,0,0.0,0.0,0,,1
20230714,1689264000000,,,,,0,0.0,0.0,0,,1
20230717,1689523200000,,,,,0,0.0,0.0,0,,1
20230718,1689609600000,,,,,0,0.0,0.0,0,,1
20230719,1689696000000,,,,,0,0.0,0.0,0,,1
20230720,1689782400000,,,,,0,0.0,0.0,0,,1
20230721,1689868800000,,,,,0,0.0,0.0,0,,1
20230724,1690128000000,,,,,0,0.0,0.0,0,,1
20230725,1690214400000,,,,,0,0.0,0.0,0,,1
20230726,1690300800000,,,,,0,0.0,0.0,0,,1
20230727,1690387200000,,,,,0,0.0,0.0,0,,1
20230728,1690473600000,,,,,0,0.0,0.0,0,,1
20230731,1690732800000,,,,,0,0.0,0.0,0,,1
20230801,1690819200000,,,,,0,0.0,0.0,0,,1
20230802,1690905600000,,,,,0,0.0,0.0,0,,1
20230803,1690992000000,,,,,0,0.0,0.0,0,,1
20230804,1691078400000,,,,,0,0.0,0.0,0,,1
20230807,1691337600000,,,,,0,0.0,0.0,0,,1
20230808,1691424000000,,,,,0,0.0,0.0,0,,1
20230809,1691510400000,,,,,0,0.0,0.0,0,,1
20230810,1691596800000,,,,,0,0.0,0.0,0,,1
20230811,1691683200000,,,,,0,0.0,0.0,0,,1
20230814,1691942400000,,,,,0,0.0,0.0,0,,1
20230815,1692028800000,,,,,0,0.0,0.0,0,,1
20230816,1692115200000,,,,,0,0.0,0.0,0,,1
20230817,1692201600000,,,,,0,0.0,0.0,0,,1
20230818,1692288000000,,,,,0,0.0,0.0,0,,1
20230821,1692547200000,,,,,0,0.0,0.0,0,,1
20230822,1692633600000,,,,,0,0.0,0.0,0,,1
20230823,1692720000000,,,,,0,0.0,0.0,0,,1
20230824,1692806400000,,,,,0,0.0,0.0,0,,1
20230825,1692892800000,,,,,0,0.0,0.0,0,,1
20230828,1693152000000,,,,,0,0.0,0.0,0,,1
20230829,1693238400000,,,,,0,0.0,0.0,0,,1
20230830,1693324800000,,,,,0,0.0,0.0,0,,1
20230831,1693411200000,,,,,0,0.0,0.0,0,,1
20230901,1693497600000,,,,,0,0.0,0.0,0,,1
20230904,1693756800000,,,,,0,0.0,0.0,0,,1
20230905,1693843200000,,,,,0,0.0,0.0,0,,1
20230906,1693929600000,,,,,0,0.0,0.0,0,,1
20230907,1694016000000,,,,,0,0.0,0.0,0,,1
20230908,1694102400000,,,,,0,0.0,0.0,0,,1
20230911,1694361600000,,,,,0,0.0,0.0,0,,1
20230912,1694448000000,,,,,0,0.0,0.0,0,,1
20230913,1694534400000,,,,,0,0.0,0.0,0,,1
20230914,1694620800000,,,,,0,0.0,0.0,0,,1
20230915,1694707200000,,,,,0,0.0,0.0,0,,1
20230918,1694966400000,,,,,0,0.0,0.0,0,,1
20230919,1695052800000,,,,,0,0.0,0.0,0,,1
20230920,1695139200000,,,,,0,0.0,0.0,0,,1
20230921,1695225600000,,,,,0,0.0,0.0,0,,1
20230922,1695312000000,,,,,0,0.0,0.0,0,,1
20230925,1695571200000,,,,,0,0.0,0.0,0,,1
20230926,1695657600000,,,,,0,0.0,0.0,0,,1
20230927,1695744000000,,,,,0,0.0,0.0,0,,1
20230928,1695830400000,,,,,0,0.0,0.0,0,,1
20231009,1696780800000,,,,,0,0.0,0.0,0,,1
20231010,1696867200000,,,,,0,0.0,0.0,0,,1
20231011,1696953600000,,,,,0,0.0,0.0,0,,1
20231012,1697040000000,,,,,0,0.0,0.0,0,,1
20231013,1697126400000,,,,,0,0.0,0.0,0,,1
20231016,1697385600000,,,,,0,0.0,0.0,0,,1
20231017,1697472000000,,,,,0,0.0,0.0,0,,1
20231018,1697558400000,,,,,0,0.0,0.0,0,,1
20231019,1697644800000,,,,,0,0.0,0.0,0,,1
20231020,1697731200000,,,,,0,0.0,0.0,0,,1
20231023,1697990400000,,,,,0,0.0,0.0,0,,1
20231024,1698076800000,,,,,0,0.0,0.0,0,,1
20231025,1698163200000,,,,,0,0.0,0.0,0,,1
20231026,1698249600000,,,,,0,0.0,0.0,0,,1
20231027,1698336000000,,,,,0,0.0,0.0,0,,1
20231030,1698595200000,,,,,0,0.0,0.0,0,,1
20231031,1698681600000,,,,,0,0.0,0.0,0,,1
20231101,1698768000000,,,,,0,0.0,0.0,0,,1
20231102,1698854400000,,,,,0,0.0,0.0,0,,1
20231103,1698940800000,,,,,0,0.0,0.0,0,,1
20231106,1699200000000,,,,,0,0.0,0.0,0,,1
20231107,1699286400000,,,,,0,0.0,0.0,0,,1
20231108,1699372800000,,,,,0,0.0,0.0,0,,1
20231109,1699459200000,,,,,0,0.0,0.0,0,,1
20231110,1699545600000,,,,,0,0.0,0.0,0,,1
20231113,1699804800000,,,,,0,0.0,0.0,0,,1
20231114,1699891200000,,,,,0,0.0,0.0,0,,1
20231115,1699977600000,,,,,0,0.0,0.0,0,,1
20231116,1700064000000,,,,,0,0.0,0.0,0,,1
20231117,1700150400000,,,,,0,0.0,0.0,0,,1
20231120,1700409600000,,,,,0,0.0,0.0,0,,1
20231121,1700496000000,,,,,0,0.0,0.0,0,,1
20231122,1700582400000,,,,,0,0.0,0.0,0,,1
20231123,1700668800000,,,,,0,0.0,0.0,0,,1
20231124,1700755200000,,,,,0,0.0,0.0,0,,1
20231127,1701014400000,,,,,0,0.0,0.0,0,,1
20231128,1701100800000,,,,,0,0.0,0.0,0,,1
20231129,1701187200000,,,,,0,0.0,0.0,0,,1
20231130,1701273600000,,,,,0,0.0,0.0,0,,1
20231201,1701360000000,,,,,0,0.0,0.0,0,,1
20231204,1701619200000,,,,,0,0.0,0.0,0,,1
20231205,1701705600000,,,,,0,0.0,0.0,0,,1
20231206,1701792000000,,,,,0,0.0,0.0,0,,1
20231207,1701878400000,,,,,0,0.0,0.0,0,,1
20231208,1701964800000,,,,,0,0.0,0.0,0,,1
20231211,1702224000000,,,,,0,0.0,0.0,0,,1
20231212,1702310400000,,,,,0,0.0,0.0,0,,1
20231213,1702396800000,,,,,0,0.0,0.0,0,,1
20231214,1702483200000,,,,,0,0.0,0.0,0,,1
20231215,1702569600000,,,,,0,0.0,0.0,0,,1
20231218,1702828800000,,,,,0,0.0,0.0,0,,1
20231219,1702915200000,,,,,0,0.0,0.0,0,,1
20231220,1703001600000,,,,,0,0.0,0.0,0,,1
20231221,1703088000000,,,,,0,0.0,0.0,0,,1
20231222,1703174400000,,,,,0,0.0,0.0,0,,1
20231225,1703433600000,,,,,0,0.0,0.0,0,,1
20231226,1703520000000,,,,,0,0.0,0.0,0,,1
20231227,1703606400000,,,,,0,0.0,0.0,0,,1
20231228,1703692800000,,,,,0,0.0,0.0,0,,1
20231229,1703779200000,,,,,0,0.0,0.0,0,,1
20240102,1704124800000,,,,,0,0.0,0.0,0,,1
20240103,1704211200000,,,,,0,0.0,0.0,0,,1
20240104,1704297600000,,,,,0,0.0,0.0,0,,1
20240105,1704384000000,,,,,0,0.0,0.0,0,,1
20240108,1704643200000,,,,,0,0.0,0.0,0,,1
20240109,1704729600000,,,,,0,0.0,0.0,0,,1
20240110,1704816000000,,,,,0,0.0,0.0,0,,1
20240111,1704902400000,,,,,0,0.0,0.0,0,,1
20240112,1704988800000,,,,,0,0.0,0.0,0,,1
20240115,1705248000000,,,,,0,0.0,0.0,0,,1
20240116,1705334400000,,,,,0,0.0,0.0,0,,1
20240117,1705420800000,,,,,0,0.0,0.0,0,,1
20240118,1705507200000,,,,,0,0.0,0.0,0,,1
20240119,1705593600000,,,,,0,0.0,0.0,0,,1
20240122,1705852800000,,,,,0,0.0,0.0,0,,1
20240123,1705939200000,,,,,0,0.0,0.0,0,,1
20240124,1706025600000,,,,,0,0.0,0.0,0,,1
20240125,1706112000000,,,,,0,0.0,0.0,0,,1
20240126,1706198400000,,,,,0,0.0,0.0,0,,1
20240129,1706457600000,,,,,0,0.0,0.0,0,,1
20240130,1706544000000,,,,,0,0.0,0.0,0,,1
20240131,1706630400000,,,,,0,0.0,0.0,0,,1
20240201,1706716800000,,,,,0,0.0,0.0,0,,1
20240202,1706803200000,,,,,0,0.0,0.0,0,,1
20240205,1707062400000,,,,,0,0.0,0.0,0,,1
20240206,1707148800000,,,,,0,0.0,0.0,0,,1
20240207,1707235200000,,,,,0,0.0,0.0,0,,1
20240208,1707321600000,,,,,0,0.0,0.0,0,,1
20240219,1708272000000,,,,,0,0.0,0.0,0,,1
20240220,1708358400000,,,,,0,0.0,0.0,0,,1
20240221,1708444800000,,,,,0,0.0,0.0,0,,1
20240222,1708531200000,,,,,0,0.0,0.0,0,,1
20240223,1708617600000,,,,,0,0.0,0.0,0,,1
20240226,1708876800000,,,,,0,0.0,0.0,0,,1
20240227,1708963200000,,,,,0,0.0,0.0,0,,1
20240228,1709049600000,,,,,0,0.0,0.0,0,,1
20240229,1709136000000,,,,,0,0.0,0.0,0,,1
20240301,1709222400000,,,,,0,0.0,0.0,0,,1
20240304,1709481600000,,,,,0,0.0,0.0,0,,1
20240305,1709568000000,,,,,0,0.0,0.0,0,,1
20240306,1709654400000,,,,,0,0.0,0.0,0,,1
20240307,1709740800000,,,,,0,0.0,0.0,0,,1
20240308,1709827200000,,,,,0,0.0,0.0,0,,1
20240311,1710086400000,,,,,0,0.0,0.0,0,,1
20240312,1710172800000,,,,,0,0.0,0.0,0,,1
20240313,1710259200000,,,,,0,0.0,0.0,0,,1
20240314,1710345600000,,,,,0,0.0,0.0,0,,1
20240315,1710432000000,,,,,0,0.0,0.0,0,,1
20240318,1710691200000,,,,,0,0.0,0.0,0,,1
20240319,1710777600000,,,,,0,0.0,0.0,0,,1
20240320,1710864000000,,,,,0,0.0,0.0,0,,1
20240321,1710950400000,,,,,0,0.0,0.0,0,,1
20240322,1711036800000,,,,,0,0.0,0.0,0,,1
20240325,1711296000000,,,,,0,0.0,0.0,0,,1
20240326,1711382400000,,,,,0,0.0,0.0,0,,1
20240327,1711468800000,,,,,0,0.0,0.0,0,,1
20240328,1711555200000,,,,,0,0.0,0.0,0,,1
20240329,1711641600000,,,,,0,0.0,0.0,0,,1
20240401,1711900800000,,,,,0,0.0,0.0,0,,1
20240402,1711987200000,,,,,0,0.0,0.0,0,,1
20240403,1712073600000,,,,,0,0.0,0.0,0,,1
20240408,1712505600000,,,,,0,0.0,0.0,0,,1
20240409,1712592000000,,,,,0,0.0,0.0,0,,1
20240410,1712678400000,,,,,0,0.0,0.0,0,,1
20240411,1712764800000,,,,,0,0.0,0.0,0,,1
20240412,1712851200000,,,,,0,0.0,0.0,0,,1
20240415,1713110400000,,,,,0,0.0,0.0,0,,1
20240416,1713196800000,,,,,0,0.0,0.0,0,,1
20240417,1713283200000,,,,,0,0.0,0.0,0,,1
20240418,1713369600000,,,,,0,0.0,0.0,0,,1
20240419,1713456000000,,,,,0,0.0,0.0,0,,1
20240422,1713715200000,,,,,0,0.0,0.0,0,,1
20240423,1713801600000,,,,,0,0.0,0.0,0,,1
20240424,1713888000000,,,,,0,0.0,0.0,0,,1
20240425,1713974400000,,,,,0,0.0,0.0,0,,1
20240426,1714060800000,,,,,0,0.0,0.0,0,,1
20240429,1714320000000,,,,,0,0.0,0.0,0,,1
20240430,1714406400000,,,,,0,0.0,0.0,0,,1
20240506,1714924800000,,,,,0,0.0,0.0,0,,1
20240507,1715011200000,,,,,0,0.0,0.0,0,,1
20240508,1715097600000,,,,,0,0.0,0.0,0,,1
20240509,1715184000000,,,,,0,0.0,0.0,0,,1
20240510,1715270400000,,,,,0,0.0,0.0,0,,1
20240513,1715529600000,,,,,0,0.0,0.0,0,,1
20240514,1715616000000,,,,,0,0.0,0.0,0,,1
20240515,1715702400000,,,,,0,0.0,0.0,0,,1
20240516,1715788800000,,,,,0,0.0,0.0,0,,1
20240517,1715875200000,,,,,0,0.0,0.0,0,,1
20240520,1716134400000,,,,,0,0.0,0.0,0,,1
20240521,1716220800000,,,,,0,0.0,0.0,0,,1
20240522,1716307200000,,,,,0,0.0,0.0,0,,1
20240523,1716393600000,,,,,0,0.0,0.0,0,,1
20240524,1716480000000,,,,,0,0.0,0.0,0,,1
20240527,1716739200000,,,,,0,0.0,0.0,0,,1
20240528,1716825600000,,,,,0,0.0,0.0,0,,1
20240529,1716912000000,,,,,0,0.0,0.0,0,,1
20240530,1716998400000,,,,,0,0.0,0.0,0,,1
20240531,1717084800000,,,,,0,0.0,0.0,0,,1
20240603,1717344000000,,,,,0,0.0,0.0,0,,1
20240604,1717430400000,,,,,0,0.0,0.0,0,,1
20240605,1717516800000,,,,,0,0.0,0.0,0,,1
20240606,1717603200000,,,,,0,0.0,0.0,0,,1
20240607,1717689600000,,,,,0,0.0,0.0,0,,1
20240611,1718035200000,,,,,0,0.0,0.0,0,,1
20240612,1718121600000,,,,,0,0.0,0.0,0,,1
20240613,1718208000000,,,,,0,0.0,0.0,0,,1
20240614,1718294400000,,,,,0,0.0,0.0,0,,1
20240617,1718553600000,,,,,0,0.0,0.0,0,,1
20240618,1718640000000,,,,,0,0.0,0.0,0,,1
20240619,1718726400000,,,,,0,0.0,0.0,0,,1
20240620,1718812800000,,,,,0,0.0,0.0,0,,1
20240621,1718899200000,,,,,0,0.0,0.0,0,,1
20240624,1719158400000,,,,,0,0.0,0.0,0,,1
20240625,1719244800000,,,,,0,0.0,0.0,0,,1
20240626,1719331200000,,,,,0,0.0,0.0,0,,1
20240627,1719417600000,,,,,0,0.0,0.0,0,,1
20240628,1719504000000,,,,,0,0.0,0.0,0,,1
20240701,1719763200000,,,,,0,0.0,0.0,0,,1
20240702,1719849600000,,,,,0,0.0,0.0,0,,1
20240703,1719936000000,,,,,0,0.0,0.0,0,,1
20240704,1720022400000,,,,,0,0.0,0.0,0,,1
20240705,1720108800000,,,,,0,0.0,0.0,0,,1
20240708,1720368000000,,,,,0,0.0,0.0,0,,1
20240709,1720454400000,,,,,0,0.0,0.0,0,,1
20240710,1720540800000,,,,,0,0.0,0.0,0,,1
20240711,1720627200000,,,,,0,0.0,0.0,0,,1
20240712,1720713600000,,,,,0,0.0,0.0,0,,1
20240715,1720972800000,,,,,0,0.0,0.0,0,,1
20240716,1721059200000,,,,,0,0.0,0.0,0,,1
20240717,1721145600000,,,,,0,0.0,0.0,0,,1
20240718,1721232000000,,,,,0,0.0,0.0,0,,1
20240719,1721318400000,,,,,0,0.0,0.0,0,,1
20240722,1721577600000,,,,,0,0.0,0.0,0,,1
20240723,1721664000000,,,,,0,0.0,0.0,0,,1
20240724,1721750400000,,,,,0,0.0,0.0,0,,1
20240725,1721836800000,,,,,0,0.0,0.0,0,,1
20240726,1721923200000,,,,,0,0.0,0.0,0,,1
20240729,1722182400000,,,,,0,0.0,0.0,0,,1
20240730,1722268800000,,,,,0,0.0,0.0,0,,1
20240731,1722355200000,,,,,0,0.0,0.0,0,,1
20240801,1722441600000,,,,,0,0.0,0.0,0,,1
20240802,1722528000000,,,,,0,0.0,0.0,0,,1
20240805,1722787200000,,,,,0,0.0,0.0,0,,1
20240806,1722873600000,41.0,41.15,34.53,34.9,185603,690676341.0,0.0,15,18.5,0
20240807,1722960000000,33.5,33.79,30.91,31.3,124300,400439260.0,0.0,15,34.9,0
20240808,1723046400000,31.560000000000002,37.75,31.560000000000002,33.5,148715,505448760.0,0.0,15,31.3,0
20240809,1723132800000,35.0,36.980000000000004,31.8,32.0,120869,420436792.0,0.0,15,33.5,0
20240812,1723392000000,30.48,31.13,29.11,29.64,96909,290326999.0,0.0,15,32.0,0
20240813,1723478400000,29.8,31.19,29.35,30.55,73640,222445938.99999997,0.0,15,29.64,0
20240814,1723564800000,30.37,30.770000000000003,29.19,29.310000000000002,68736,205832051.0,0.0,15,30.55,0
20240815,1723651200000,29.01,31.4,28.66,30.18,77633,233411168.0,0.0,15,29.31,0
20240816,1723737600000,30.07,32.089999999999996,30.04,30.58,82058,254359611.0,0.0,15,30.18,0
20240819,1723996800000,30.0,30.790000000000003,29.01,29.290000000000003,59951,178559126.0,0.0,15,30.580000000000002,0
20240820,1724083200000,29.400000000000002,29.860000000000003,28.830000000000002,28.930000000000003,52533,154031311.0,0.0,15,29.290000000000003,0
20240821,1724169600000,28.500000000000004,28.8,27.580000000000002,27.67,57448,161234598.0,0.0,15,28.930000000000003,0
20240822,1724256000000,27.6,27.75,26.52,26.68,41111,111629631.00000001,0.0,15,27.669999999999998,0
20240823,1724342400000,26.63,27.75,26.52,27.45,44112,120689026.0,0.0,15,26.68,0
20240826,1724601600000,27.169999999999998,27.94,26.93,27.05,35768,97490639.0,0.0,15,27.45,0
20240827,1724688000000,27.020000000000003,27.020000000000003,26.19,26.41,35542,94390081.00000001,0.0,15,27.05,0
20240828,1724774400000,26.490000000000002,27.650000000000002,26.26,27.17,38606,104862480.00000001,0.0,15,26.41,0
20240829,1724860800000,27.000000000000004,27.950000000000003,26.900000000000002,27.500000000000004,45345,124616051.0,0.0,15,27.17,0
20240830,1724947200000,27.2,29.490000000000002,27.0,28.66,64403,183129367.0,0.0,15,27.5,0
20240902,1725206400000,28.110000000000003,28.950000000000003,27.1,27.130000000000003,48187,134384423.0,0.0,15,28.66,0
20240903,1725292800000,26.92,29.48,26.92,28.490000000000002,56883,162118204.0,0.0,15,27.130000000000003,0
20240904,1725379200000,27.87,30.37,27.87,28.880000000000003,54898,159424219.00000003,0.0,15,28.490000000000002,0
20240905,1725465600000,28.66,29.2,28.0,28.3,44420,126158469.0,0.0,15,28.88,0
20240906,1725552000000,28.29,28.73,27.5,27.72,38272,107478192.00000001,0.0,15,28.3,0
20240909,1725811200000,27.89,28.169999999999998,27.45,27.68,25511,70867771.0,0.0,15,27.72,0
20240910,1725897600000,27.5,28.44,26.94,28.0,31243,86233917.0,0.0,15,27.68,0
20240911,1725984000000,27.810000000000002,27.810000000000002,27.05,27.150000000000002,26588,72641109.0,0.0,15,28.0,0
20240912,1726070400000,27.3,27.580000000000002,26.400000000000002,26.400000000000002,28624,77135837.0,0.0,15,27.150000000000002,0
20240913,1726156800000,26.5,26.560000000000002,25.35,25.380000000000003,33121,85764640.0,0.0,15,26.400000000000002,0
20240918,1726588800000,25.84,26.17,25.35,25.82,30259,78204213.00000001,0.0,15,25.380000000000003,0
20240919,1726675200000,25.85,26.28,25.41,25.71,29876,77193140.0,0.0,15,25.82,0
20240920,1726761600000,25.85,26.07,24.82,25.04,27682,70055334.99999999,0.0,15,25.71,0
20240923,1727020800000,25.0,25.25,24.72,25.15,14387,36061909.0,0.0,15,25.04,0
20240924,1727107200000,25.250000000000004,26.700000000000003,24.810000000000002,26.53,41661,108191041.0,0.0,15,25.150000000000002,0
20240925,1727193600000,26.55,27.46,26.35,26.41,43822,117500266.00000001,0.0,15,26.53,0
20240926,1727280000000,26.55,27.150000000000002,26.21,27.11,32656,87171694.0,0.0,15,26.41,0
20240927,1727366400000,27.430000000000003,28.770000000000003,27.26,28.62,36004,100963704.00000001,0.0,15,27.110000000000003,0
20240930,1727625600000,30.08,34.339999999999996,29.13,34.339999999999996,92955,295662426.0,0.0,15,28.619999999999997,0
20241008,1728316800000,41.21,41.21,39.77,41.21,69641,285610813.99999994,0.0,15,34.34,0
20241009,1728403200000,42.0,49.45,41.21,49.45,126370,594753884.0,0.0,15,41.21,0
20241010,1728489600000,49.0,49.0,40.18,41.27,131123,578158373.0,0.0,15,49.45,0
20241011,1728576000000,40.0,48.580000000000005,39.77,43.900000000000006,111120,483573972.00000006,0.0,15,41.27,0
20241014,1728835200000,42.5,48.78,40.88,46.31,89355,392838291.00000006,0.0,15,43.900000000000006,0
20241015,1728921600000,45.2,46.88,43.21,43.35,77557,347411921.00000006,0.0,15,46.31,0
20241016,1729008000000,41.88,43.96,41.6,42.190000000000005,43867,186496976.00000003,0.0,15,43.35,0
20241017,1729094400000,42.35,46.0,42.35,45.22,64209,284483445.0,0.0,15,42.190000000000005,0
20241018,1729180800000,45.0,54.26,44.22,53.08,100371,498053839.0,0.0,15,45.22,0
20241021,1729440000000,53.0,63.7,52.0,57.02,115066,666523830.0,0.0,15,53.08,0
20241022,1729526400000,55.11,58.0,53.06,54.39,82321,455845479.0,0.0,15,57.02,0
20241023,1729612800000,53.35,55.1,52.54,52.63,49873,266831633.0,0.0,15,54.39,0
20241024,1729699200000,52.4,54.68,51.58,52.43,53643,284616517.00000006,0.0,15,52.629999999999995,0
20241025,1729785600000,52.5,58.66,51.4,55.1,61461,335164773.0,0.0,15,52.43,0
20241028,1730044800000,55.5,56.89,54.5,55.04,36206,200505082.0,0.0,15,55.1,0
20241029,1730131200000,54.01,56.739999999999995,52.26,52.699999999999996,39246,215045127.00000003,0.0,15,55.04,0
20241030,1730217600000,52.050000000000004,53.480000000000004,50.1,51.1,36466,187959786.0,0.0,15,52.7,0
20241031,1730304000000,51.5,55.550000000000004,50.6,54.160000000000004,44682,237792710.0,0.0,15,51.1,0
20241101,1730390400000,53.010000000000005,54.800000000000004,48.88,48.910000000000004,43174,220262251.0,0.0,15,54.160000000000004,0
20241104,1730649600000,48.6,50.879999999999995,48.26,50.87,23075,115273320.0,0.0,15,48.91,0
20241105,1730736000000,50.87,53.2,50.57,52.18,30998,162048797.0,0.0,15,50.87,0
20241106,1730822400000,52.21,53.989999999999995,51.51,52.26,34867,183907078.00000003,0.0,15,52.18,0
20241107,1730908800000,53.89,62.71,53.01,59.9,85191,502004113.99999994,0.0,15,52.26,0
20241108,1730995200000,62.89,68.8,59.68,64.6,82447,530071554.00000006,0.0,15,59.9,0
20241111,1731254400000,67.09,75.04,67.09,74.82000000000001,73993,529150335.0,0.0,15,64.60000000000001,0
20241112,1731340800000,71.5,74.39,68.7,69.81,58811,417850465.0,0.0,15,74.82000000000001,0
20241113,1731427200000,68.9,73.8,67.78,72.9,49868,357238143.0,0.0,15,69.81,0
20241114,1731513600000,72.30000000000001,75.0,68.98,71.49000000000001,40022,287256523.00000006,0.0,15,72.9,0
20241115,1731600000000,70.93,71.84,65.21000000000001,65.80000000000001,37991,259285591.00000003,0.0,15,71.49000000000001,0
20241118,1731859200000,65.78999999999999,66.66,62.01,63.879999999999995,30073,192743377.00000003,0.0,15,65.8,0
20241119,1731945600000,63.900000000000006,66.88000000000001,62.52,66.62,31928,207120502.0,0.0,15,63.88,0
20241120,1732032000000,66.6,66.6,64.14,65.64,28432,185340095.0,0.0,15,66.62,0
20241121,1732118400000,65.0,71.3,63.65,68.1,34713,235649621.0,0.0,15,65.64,0
20241122,1732204800000,67.11000000000001,69.97000000000001,64.96000000000001,65.02000000000001,27924,188410732.00000003,0.0,15,68.10000000000001,0
20241125,1732464000000,64.5,65.63,61.81,64.02,29528,186553608.0,0.0,15,65.02,0
20241126,1732550400000,63.41,64.39999999999999,60.26,60.419999999999995,24747,153872073.0,0.0,15,64.02,0
20241127,1732636800000,60.0,62.09,57.59,62.0,26790,161119800.0,0.0,15,60.42,0
20241128,1732723200000,61.800000000000004,64.0,60.1,61.5,27061,168240254.0,0.0,15,62.0,0
20241129,1732809600000,60.56,69.96000000000001,60.52,66.48,38852,253113535.99999997,0.0,15,61.5,0
20241202,1733068800000,66.06,67.19000000000001,65.01,66.66000000000001,28640,189904045.00000003,0.0,15,66.48,0
20241203,1733155200000,67.32000000000001,69.5,64.03,65.3,27314,181292040.0,0.0,15,66.66,0
20241204,1733241600000,67.8,69.49000000000001,64.7,65.77,28709,192214328.00000003,0.0,15,65.3,0
20241205,1733328000000,65.8,66.08,62.56,63.45,27983,180295857.99999997,0.0,15,65.77,0
20241206,1733414400000,64.0,66.49,61.4,64.28999999999999,32201,205840871.0,0.0,15,63.449999999999996,0
20241209,1733673600000,63.02,64.2,62.0,62.37,20418,127854033.0,0.0,15,64.29,0
20241210,1733760000000,65.2,66.91,63.56,63.71,31554,205521632.00000003,0.0,15,62.370000000000005,0
20241211,1733846400000,63.71,65.84,63.0,64.87,21397,137689557.0,0.0,15,63.71,0
20241212,1733932800000,64.2,65.60000000000001,62.38,65.10000000000001,22972,146494511.0,0.0,15,64.87,0
20241213,1734019200000,64.2,66.4,63.800000000000004,64.04,24151,156775868.99999997,0.0,15,65.10000000000001,0
20241216,1734278400000,63.88,63.88,59.52,59.6,23552,144948992.0,0.0,15,64.04,0
20241217,1734364800000,59.5,60.66,59.0,59.54,11590,69224646.00000001,0.0,15,59.6,0
20241218,1734451200000,60.0,61.44,58.65,60.8,13970,84086800.00000001,0.0,15,59.54,0
20241219,1734537600000,59.21,61.8,59.21,60.800000000000004,12674,76879620.00000001,0.0,15,60.800000000000004,0
20241220,1734624000000,60.65,65.36,60.25,64.16,27509,174663672.00000003,0.0,15,60.8,0
20241223,1734883200000,64.2,64.2,61.39,61.68,17408,109082254.0,0.0,15,64.16,0
20241224,1734969600000,61.190000000000005,62.800000000000004,60.88,62.410000000000004,13456,83182095.0,0.0,15,61.68,0
20241225,1735056000000,62.8,62.8,60.0,60.63,12928,78882188.0,0.0,15,62.41,0
20241226,1735142400000,60.69,63.21,60.69,62.699999999999996,15315,95462382.0,0.0,15,60.629999999999995,0
20241227,1735228800000,62.7,64.51,61.6,61.89,16361,103348538.00000001,0.0,15,62.7,0
20241230,1735488000000,61.11,62.97,60.26,61.89,10221,63010850.00000001,0.0,15,61.89,0
20241231,1735574400000,61.98,62.11,58.9,59.04,13739,82440980.00000001,0.0,15,61.89,0
20250102,1735747200000,59.21,59.290000000000006,53.38,54.75,18678,104708370.0,0.0,15,59.040000000000006,0
20250103,1735833600000,54.11,55.28,51.46,52.49,12817,68744600.00000001,0.0,15,54.75,0
20250106,1736092800000,52.49,52.89,49.1,50.03,20375,103287825.0,0.0,15,52.49,0
20250107,1736179200000,50.34,52.150000000000006,49.52,52.03,17061,86481589.0,0.0,15,50.03,0
20250108,1736265600000,51.21,53.98,50.43,53.12,18192,94835169.0,0.0,15,52.03,0
20250109,1736352000000,52.8,54.19,52.54,52.58,14646,78057747.0,0.0,15,53.12,0
20250110,1736438400000,51.8,54.6,51.25,51.25,18691,99514755.0,0.0,15,52.58,0
20250113,1736697600000,50.52,51.78,49.82,51.39,13452,68351598.00000001,0.0,15,51.25,0
20250114,1736784000000,51.410000000000004,55.11000000000001,51.410000000000004,54.99,20410,109771081.0,0.0,15,51.39,0
20250115,1736870400000,55.2,56.18,54.31,54.93,14940,82502392.0,0.0,15,54.99,0
20250116,1736956800000,56.03,56.5,53.5,54.06,16412,89778562.00000001,0.0,15,54.93,0
20250117,1737043200000,54.1,56.15,52.6,54.800000000000004,21791,118125644.0,0.0,15,54.06,0
20250120,1737302400000,55.01,55.099999999999994,53.44,54.15,14885,80560783.0,0.0,15,54.8,0
20250121,1737388800000,54.199999999999996,54.8,53.44,54.239999999999995,12647,68500646.0,0.0,15,54.15,0
20250122,1737475200000,54.1,54.21,52.58,53.39,14100,75120921.0,0.0,15,54.239999999999995,0
20250123,1737561600000,53.88,54.97,52.5,52.5,16776,90508916.0,0.0,15,53.39,0
20250124,1737648000000,52.01,53.39,52.01,52.6,12148,64288248.0,0.0,15,52.5,0
20250127,1737907200000,52.58,53.08,50.15,50.15,13038,66747546.0,0.0,15,52.6,0
20250205,1738684800000,51.0,52.65,51.0,51.73,11447,59244663.0,0.0,15,50.15,0
20250206,1738771200000,50.050000000000004,54.480000000000004,48.88,53.88,35277,186089697.0,0.0,15,51.730000000000004,0
20250207,1738857600000,53.11,54.89,52.9,53.66,27077,146091234.99999997,0.0,15,53.879999999999995,0
20250210,1739116800000,53.5,55.14,53.35,54.980000000000004,21356,116141173.0,0.0,15,53.660000000000004,0
20250211,1739203200000,54.660000000000004,55.69,53.21,54.870000000000005,22741,123359299.0,0.0,15,54.980000000000004,0
20250212,1739289600000,55.01,55.769999999999996,53.9,55.55,26295,144066669.0,0.0,15,54.87,0
20250213,1739376000000,55.39000000000001,55.410000000000004,53.800000000000004,53.800000000000004,21971,119326806.00000001,0.0,15,55.550000000000004,0
20250214,1739462400000,53.300000000000004,54.45,52.160000000000004,52.67,17153,90359437.0,0.0,15,53.800000000000004,0
20250217,1739721600000,52.67,53.45,52.300000000000004,53.00000000000001,15458,81732799.0,0.0,15,52.67,0
20250218,1739808000000,53.01,57.88,52.53,54.870000000000005,46299,257161535.00000003,0.0,15,53.0,0
20250219,1739894400000,54.37,58.7,54.36,57.71,46545,267390482.0,0.0,15,54.87,0
20250220,1739980800000,57.00000000000001,59.63,56.660000000000004,58.160000000000004,35335,205749586.0,0.0,15,57.71,0
20250221,1740067200000,59.0,59.79,57.0,58.66,36301,211556000.99999997,0.0,15,58.16,0
20250224,1740326400000,58.16,58.5,56.68,57.32,25651,147035610.0,0.0,15,58.66,0
20250225,1740412800000,56.37,60.0,56.11,58.78,33395,196823975.0,0.0,15,57.32,0
20250226,1740499200000,58.7,59.230000000000004,57.77,58.790000000000006,24286,142343712.00000003,0.0,15,58.78,0
20250227,1740585600000,58.85,59.45,56.49,57.64,25150,145179845.0,0.0,15,58.79,0
20250228,1740672000000,57.18,57.74,52.81,52.97,25963,142523444.0,0.0,15,57.64,0
20250303,1740931200000,53.010000000000005,54.760000000000005,51.800000000000004,53.300000000000004,14103,75263646.0,0.0,15,52.970000000000006,0
20250304,1741017600000,52.31,55.46,52.24,54.900000000000006,16255,88284730.0,0.0,15,53.300000000000004,0
20250305,1741104000000,55.300000000000004,55.300000000000004,53.6,54.33,10337,56064346.0,0.0,15,54.9,0
20250306,1741190400000,54.7,56.900000000000006,54.7,55.730000000000004,19601,109923246.99999999,0.0,15,54.330000000000005,0
20250307,1741276800000,55.46000000000001,55.46000000000001,53.620000000000005,54.080000000000005,16024,87178102.0,0.0,15,55.730000000000004,0
20250310,1741536000000,54.15,54.79,53.33,54.29,8719,47110438.0,0.0,15,54.08,0
20250311,1741622400000,53.28,54.120000000000005,52.800000000000004,53.7,9929,53013669.00000001,0.0,15,54.290000000000006,0
20250312,1741708800000,54.400000000000006,54.400000000000006,53.160000000000004,53.300000000000004,8884,47766523.0,0.0,15,53.7,0
20250313,1741795200000,53.21,53.800000000000004,51.2,51.64,12678,66114459.0,0.0,15,53.300000000000004,0
20250314,1741881600000,51.64,52.550000000000004,51.17,52.52,8401,43831824.0,0.0,15,51.64,0
20250317,1742140800000,52.980000000000004,52.980000000000004,51.89,52.52,7247,37962277.0,0.0,15,52.52,0
20250318,1742227200000,52.6,53.580000000000005,52.2,52.67,7984,42236507.00000001,0.0,15,52.52,0
20250319,1742313600000,52.67,52.83,51.67,51.89,8002,41631873.0,0.0,15,52.67,0
20250320,1742400000000,51.82,52.75,51.22,51.6,9239,48047555.0,0.0,15,51.89,0
20250321,1742486400000,51.6,51.6,50.0,50.01,9524,48156753.0,0.0,15,51.6,0
20250324,1742745600000,49.98,51.1,49.33,50.32,6942,34770007.0,0.0,15,50.01,0
20250325,1742832000000,50.470000000000006,51.290000000000006,49.7,50.0,5759,29021397.000000004,0.0,15,50.32,0
20250326,1742918400000,50.1,50.89,49.980000000000004,50.17,4701,23634913.0,0.0,15,50.00000000000001,0
20250327,1743004800000,50.0,52.28,49.1,51.28,10664,54569135.0,0.0,15,50.17,0
20250328,1743091200000,52.02,53.6,51.550000000000004,51.61000000000001,14052,73671322.00000001,0.0,15,51.28,0
20250331,1743350400000,51.54,51.910000000000004,50.39,50.980000000000004,8345,42622574.0,0.0,15,51.61,0
20250401,1743436800000,50.99,51.79,50.68,51.08,7279,37334299.00000001,0.0,15,50.98,0
20250402,1743523200000,50.6,51.49,50.6,50.67,5588,28470275.000000004,0.0,15,51.08,0
20250403,1743609600000,50.65,51.3,49.51,49.68,6502,32647544.999999996,0.0,15,50.669999999999995,0
20250407,1743955200000,45.27,47.260000000000005,39.74,39.760000000000005,18172,77733950.0,0.0,15,49.68,0
20250408,1744041600000,40.88,43.81,40.42,41.800000000000004,18647,78543204.0,0.0,15,39.760000000000005,0
20250409,1744128000000,41.190000000000005,44.330000000000005,38.88,43.260000000000005,23878,100981792.0,0.0,15,41.800000000000004,0
20250410,1744214400000,44.8,45.36,43.87,43.9,17664,78742701.0,0.0,15,43.26,0
20250411,1744300800000,44.1,50.6,43.300000000000004,47.900000000000006,32013,150717571.0,0.0,15,43.900000000000006,0
20250414,1744560000000,48.83,49.7,47.35,47.83,17872,85871917.0,0.0,15,47.9,0
20250415,1744646400000,47.83,48.07,46.37,46.71,12028,56308468.0,0.0,15,47.83,0
20250416,1744732800000,46.69,47.2,45.5,46.19,12116,56086349.0,0.0,15,46.71,0
20250417,1744819200000,45.52,47.75,45.52,46.61000000000001,13255,62555922.00000001,0.0,15,46.190000000000005,0
20250418,1744905600000,46.35,46.56,45.300000000000004,45.730000000000004,8974,41133415.99999999,0.0,15,46.61000000000001,0
20250421,1745164800000,45.73,46.6,45.0,46.49,7902,36364020.0,0.0,15,45.73,0
20250422,1745251200000,46.49,46.65,45.74,46.13,7015,32393329.000000004,0.0,15,46.49,0
20250423,1745337600000,46.150000000000006,46.81,45.800000000000004,46.24,8041,37121400.0,0.0,15,46.13,0
20250424,1745424000000,46.24,46.580000000000005,44.7,45.080000000000005,9773,44307190.0,0.0,15,46.24,0
20250425,1745510400000,44.48,44.5,42.51,43.71,14482,62884053.0,0.0,15,45.08,0
20250428,1745769600000,43.5,44.230000000000004,43.09,43.36000000000001,7656,33307219.0,0.0,15,43.71,0
20250429,1745856000000,43.660000000000004,44.1,42.77,43.64,7466,32420268.0,0.0,15,43.36000000000001,0
20250430,1745942400000,44.0,44.44,43.5,43.88,6566,28996998.0,0.0,15,43.64,0
20250506,1746460800000,44.01,45.74,43.89,45.74,10075,45426848.0,0.0,15,43.88,0
20250507,1746547200000,46.03,47.0,45.06,45.5,11558,53176778.0,0.0,15,45.74,0
20250508,1746633600000,45.669999999999995,46.12,45.12,46.0,7687,35213158.00000001,0.0,15,45.5,0
20250509,1746720000000,45.980000000000004,45.980000000000004,44.31,44.68,8348,37433057.0,0.0,15,46.0,0
20250512,1746979200000,44.6,46.6,44.52,45.690000000000005,10714,48932894.00000001,0.0,15,44.68,0
20250513,1747065600000,46.0,46.300000000000004,44.59,44.68000000000001,7884,35685307.0,0.0,15,45.290000000000006,0
20250514,1747152000000,44.900000000000006,45.27,44.02,44.260000000000005,8678,38601013.0,0.0,15,44.68,0
20250515,1747238400000,44.050000000000004,44.35,43.09,43.09,6335,27601199.000000004,0.0,15,44.260000000000005,0
20250516,1747324800000,43.190000000000005,43.660000000000004,42.7,42.800000000000004,5009,21586674.000000004,0.0,15,43.09,0
20250519,1747584000000,42.8,43.449999999999996,42.37,43.11,7437,31917611.0,0.0,15,42.8,0
20250520,1747670400000,43.580000000000005,43.790000000000006,42.7,42.96,5895,25452196.0,0.0,15,43.11,0
20250521,1747756800000,43.0,43.050000000000004,41.6,42.06,7805,32884379.0,0.0,15,42.96,0
20250522,1747843200000,41.800000000000004,42.84,41.660000000000004,41.74,5762,24337184.000000004,0.0,15,42.06,0
20250523,1747929600000,41.9,42.059999999999995,40.9,40.94,7282,30156425.000000004,0.0,15,41.74,0
20250526,1748188800000,41.6,41.769999999999996,40.22,41.589999999999996,7523,31132892.0,0.0,15,40.94,0
20250527,1748275200000,41.29,41.78,40.81,41.38,7405,30507222.999999996,0.0,15,41.59,0
20250528,1748361600000,41.22,41.79,40.64,40.82,5601,22948555.0,0.0,15,41.38,0
20250529,1748448000000,40.550000000000004,41.78,40.550000000000004,41.78,7738,32062393.999999996,0.0,15,40.82000000000001,0
20250530,1748534400000,41.52,41.660000000000004,40.7,40.800000000000004,5822,23850063.0,0.0,15,41.78,0
20250603,1748880000000,40.03,41.43,40.03,40.39,5706,23262064.0,0.0,15,40.800000000000004,0
20250604,1748966400000,40.989999999999995,40.989999999999995,40.33,40.46,5207,21124932.0,0.0,15,40.39,0
20250605,1749052800000,40.50000000000001,41.50000000000001,40.160000000000004,41.18000000000001,8142,33291087.0,0.0,15,40.46,0
20250606,1749139200000,41.3,41.39,40.5,40.72,7470,30502677.000000004,0.0,15,41.18,0
20250609,1749398400000,41.12,41.91,40.69,41.879999999999995,7868,32478363.000000004,0.0,15,40.72,0
20250610,1749484800000,41.87,41.87,39.9,40.48,12507,50879338.0,0.0,15,41.879999999999995,0
20250611,1749571200000,40.830000000000005,41.32,40.31,40.81,7803,31993362.0,0.0,15,40.480000000000004,0
20250612,1749657600000,40.620000000000005,41.52,40.42,41.0,7614,31148196.000000004,0.0,15,40.81,0
20250613,1749744000000,40.7,41.13,40.0,40.0,8599,34701585.0,0.0,15,41.0,0
20250616,1750003200000,39.830000000000005,40.85,39.81,40.45,6414,25992056.0,0.0,15,40.0,0
20250617,1750089600000,40.45,41.2,40.31,40.85,6281,25585447.0,0.0,15,40.45,0
20250618,1750176000000,40.6,41.65,40.36,41.4,12217,50232338.0,0.0,15,40.85,0
20250619,1750262400000,41.4,41.9,40.4,40.87,13370,55030291.99999999,0.0,15,41.4,0
20250620,1750348800000,40.81,42.3,40.75,41.6,16094,66885770.0,0.0,15,40.87,0
20250623,1750608000000,40.95,43.18,40.95,42.650000000000006,19245,81891482.0,0.0,15,41.6,0
20250624,1750694400000,42.65,43.76,42.43,43.4,17097,73893023.0,0.0,15,42.65,0
20250625,1750780800000,43.45,43.75,42.89,43.67,16907,73208977.0,0.0,15,43.4,0
20250626,1750867200000,43.970000000000006,44.790000000000006,43.230000000000004,43.290000000000006,16449,72124067.0,0.0,15,43.67,0
20250627,1750953600000,43.620000000000005,44.6,43.410000000000004,44.06,15984,70308541.0,0.0,15,43.290000000000006,0
20250630,1751212800000,44.35,45.7,44.34,45.1,14413,64969975.99999999,0.0,15,44.06,0
20250701,1751299200000,45.2,46.2,44.67,45.300000000000004,16527,74806384.0,0.0,15,45.1,0
20250702,1751385600000,45.0,45.0,43.39,43.57,13307,58427627.0,0.0,15,45.3,0
20250703,1751472000000,43.92,44.45,43.52,43.88,8952,39292315.0,0.0,15,43.57,0
20250704,1751558400000,43.9,44.800000000000004,43.35,43.89,11752,51704277.99999999,0.0,15,43.88,0
20250707,1751817600000,43.790000000000006,43.95,43.27,43.35,6281,27338316.000000004,0.0,15,43.89,0
20250708,1751904000000,43.44,43.849999999999994,43.12,43.47,8592,37448858.0,0.0,15,43.349999999999994,0
20250709,1751990400000,43.35,43.68,42.95,43.35,6962,30135545.0,0.0,15,43.470000000000006,0
20250710,1752076800000,43.25,43.4,43.0,43.2,5851,25266907.0,0.0,15,43.35,0
20250711,1752163200000,43.3,44.95,43.11,44.15,16743,74004004.0,0.0,15,43.2,0
20250714,1752422400000,44.169999999999995,44.4,43.51,44.0,7953,34883757.0,0.0,15,44.15,0
20250715,1752508800000,43.95,44.18,43.1,43.410000000000004,9609,41824631.0,0.0,15,44.0,0
20250716,1752595200000,43.27,44.17,43.27,43.5,8719,38132914.0,0.0,15,43.410000000000004,0
20250717,1752681600000,43.32,43.57,43.06,43.330000000000005,7204,31160499.0,0.0,15,43.5,0
20250718,1752768000000,43.300000000000004,43.82000000000001,42.980000000000004,43.120000000000005,9297,40228508.0,0.0,15,43.330000000000005,0
20250721,1753027200000,43.2,43.50000000000001,42.800000000000004,42.96,9676,41662525.00000001,0.0,15,43.120000000000005,0
20250722,1753113600000,42.99,43.39,42.82,42.94,8895,38292136.0,0.0,15,42.96,0
20250723,1753200000000,43.1,44.58,42.83,44.46,25268,111360807.0,0.0,15,42.94,0
20250724,1753286400000,44.480000000000004,46.150000000000006,44.160000000000004,45.45,20353,91870437.0,0.0,15,44.46,0
20250725,1753372800000,45.53,46.25000000000001,44.730000000000004,46.00000000000001,15690,71329739.00000001,0.0,15,45.45,0
20250728,1753632000000,46.01,47.0,45.39,46.28,17458,80521063.00000001,0.0,15,46.0,0
20250729,1753718400000,46.2,46.7,45.7,46.13,12575,57917026.0,0.0,15,46.28,0
20250730,1753804800000,45.970000000000006,46.25,45.09,45.78,14132,64500184.99999999,0.0,15,46.13,0
20250731,1753891200000,45.78,46.2,44.56,44.800000000000004,13591,61682050.99999999,0.0,15,45.78,0
20250801,1753977600000,44.93,45.800000000000004,44.06,44.18,13297,59353660.0,0.0,15,44.800000000000004,0
20250804,1754236800000,44.01,44.86,43.97,44.699999999999996,7134,31750016.0,0.0,15,44.18,0
20250805,1754323200000,46.07,48.0,46.01,46.32,21337,99447742.0,0.0,15,44.699999999999996,0
20250806,1754409600000,44.93,46.0,44.72,45.3,44573,201712256.0,0.0,15,46.32,0
20250807,1754496000000,45.5,49.2,44.95,48.290000000000006,73093,347562656.00000006,0.0,15,45.300000000000004,0
20250808,1754582400000,48.86,48.879999999999995,46.9,47.49,36331,172247412.0,0.0,15,48.29,0
20250811,1754841600000,48.14,48.86,47.2,48.28,32939,158097413.99999997,0.0,15,47.49,0
20250812,1754928000000,48.28,48.28,47.0,47.45,28698,136493423.0,0.0,15,48.28,0
20250813,1755014400000,47.620000000000005,48.18,47.06,47.550000000000004,22094,105060810.0,0.0,15,47.45,0
20250814,1755100800000,47.910000000000004,57.06,47.910000000000004,53.720000000000006,129252,711621270.0,0.0,15,47.550000000000004,0
20250815,1755187200000,54.93,57.5,54.04,56.64,115690,646268962.0000001,0.0,15,53.72,0
20250818,1755446400000,56.01,58.74,54.0,57.58,91009,511577780.0,0.0,15,56.64,0
20250819,1755532800000,56.480000000000004,56.480000000000004,54.800000000000004,55.440000000000005,51625,286622102.0,0.0,15,57.580000000000005,0
20250820,1755619200000,54.78,54.88,52.49,54.45,49706,267055270.0,0.0,15,55.440000000000005,0
20250821,1755705600000,54.8,55.18,52.9,53.339999999999996,32652,175423955.0,0.0,15,54.449999999999996,0
20250822,1755792000000,53.92,56.88,53.36,55.44,50452,277952152.0,0.0,15,53.339999999999996,0
20250825,1756051200000,55.6,58.559999999999995,54.26,55.699999999999996,57601,322648923.0,0.0,15,55.44,0
20250826,1756137600000,54.96,55.54,53.72,54.519999999999996,34048,184928153.00000003,0.0,15,55.699999999999996,0
20250827,1756224000000,53.910000000000004,55.57,52.88,52.88,31862,173307321.0,0.0,15,54.52,0
20250828,1756310400000,51.09,53.96,51.09,53.31,34876,183487447.0,0.0,15,52.88,0
20250829,1756396800000,53.5,53.5,51.78,51.78,22848,119258458.0,0.0,15,53.31,0
20250901,1756656000000,52.21,54.99,52.21,53.980000000000004,29313,156529037.0,0.0,15,51.78,0
20250902,1756742400000,53.98,53.98,50.44,50.86,27471,141812006.0,0.0,15,53.98,0
20250903,1756828800000,51.45,52.1,50.02,50.410000000000004,18560,94781210.0,0.0,15,50.86000000000001,0
20250904,1756915200000,50.449999999999996,51.51,46.72,47.78,23404,114469997.0,0.0,15,50.41,0
20250905,1757001600000,47.61000000000001,48.6,47.550000000000004,48.49,15761,75890912.00000001,0.0,15,47.78,0
20250908,1757260800000,48.0,49.230000000000004,47.6,49.0,14428,70271585.0,0.0,15,48.49,0
20250909,1757347200000,49.0,49.04,47.5,47.5,14111,67715613.00000001,0.0,15,49.0,0
20250910,1757433600000,47.85,48.07,46.89,47.27,11119,52694212.99999999,0.0,15,47.5,0
20250911,1757520000000,47.199999999999996,49.099999999999994,46.51,49.089999999999996,20028,96671445.0,0.0,15,47.269999999999996,0
20250912,1757606400000,49.32000000000001,50.46000000000001,48.800000000000004,49.86000000000001,25337,125671105.0,0.0,15,49.09,0
20250915,1757865600000,50.5,50.800000000000004,48.96,49.0,15387,76359991.0,0.0,15,49.86,0
20250916,1757952000000,48.910000000000004,49.92,48.59,49.300000000000004,13206,65087437.0,0.0,15,49.0,0
20250917,1758038400000,49.88,52.09,49.5,50.83,28761,147109685.0,0.0,15,49.3,0
20250918,1758124800000,50.81,52.42,49.800000000000004,50.45,36065,185117576.00000003,0.0,15,50.830000000000005,0
20250919,1758211200000,50.05,51.88,49.64,50.09,21547,109287272.0,0.0,15,50.45,0
20250922,1758470400000,50.5,51.18,49.35,50.45,19290,97028110.0,0.0,15,50.09,0
20250923,1758556800000,50.02,51.400000000000006,48.300000000000004,51.260000000000005,30413,151164752.0,0.0,15,50.45,0
20250924,1758643200000,50.81,54.6,50.5,53.99,64770,344256142.00000006,0.0,15,51.26,0
20250925,1758729600000,53.5,54.230000000000004,52.6,53.230000000000004,38224,204017376.0,0.0,15,53.99,0
20250926,1758816000000,52.620000000000005,54.81,52.620000000000005,53.45,29897,160385937.00000003,0.0,15,53.230000000000004,0
20250929,1759075200000,53.870000000000005,54.15,51.92,53.2,27514,145332517.0,0.0,15,53.45,0
20250930,1759161600000,53.190000000000005,55.2,53.120000000000005,53.81,31534,169550992.0,0.0,15,53.2,0
20251009,1759939200000,53.73,55.45,52.5,54.28,41775,226065800.0,0.0,15,53.81,0
20251010,1760025600000,53.08,53.989999999999995,51.08,51.08,28076,146033059.0,0.0,15,54.28,0
20251013,1760284800000,49.5,54.92,49.5,54.86,49864,267612218.0,0.0,15,51.08,0
20251014,1760371200000,54.620000000000005,54.620000000000005,51.67,52.160000000000004,34688,183841437.0,0.0,15,54.86,0
20251015,1760457600000,52.160000000000004,53.88,50.6,52.9,23995,125518545.00000001,0.0,15,52.160000000000004,0
20251016,1760544000000,52.900000000000006,53.300000000000004,51.31,51.800000000000004,21433,112053435.0,0.0,15,52.900000000000006,0
20251017,1760630400000,51.08,51.8,48.61,48.68,21406,106810929.0,0.0,15,51.8,0
20251020,1760889600000,49.7,49.800000000000004,48.160000000000004,48.74,11644,57011325.0,0.0,15,48.68000000000001,0
20251021,1760976000000,48.68,49.38,48.5,48.89,10467,51268641.0,0.0,15,48.74,0
20251022,1761062400000,48.7,48.99,47.67,48.32,8524,41182691.0,0.0,15,48.89,0
20251023,1761148800000,48.4,49.12,47.62,49.08,9169,44212575.0,0.0,15,48.32,0
20251024,1761235200000,48.09,49.6,48.09,49.5,15487,76242798.00000001,0.0,15,49.080000000000005,0
20251027,1761494400000,50.02,50.59,48.6,49.2,20009,98973588.0,0.0,15,49.5,0
20251028,1761580800000,49.040000000000006,49.31,47.660000000000004,47.96,20282,98097546.99999999,0.0,15,49.2,0
20251029,1761667200000,47.95,48.35,46.95,47.5,16155,76639836.0,0.0,15,47.96,0
20251030,1761753600000,47.0,47.76,46.43,46.47,17316,81205665.0,0.0,15,47.5,0
20251031,1761840000000,46.51,47.41,46.15,46.809999999999995,11843,55476493.00000001,0.0,15,46.47,0
20251103,1762099200000,46.78,46.78,45.0,45.7,13847,63172262.99999999,0.0,15,46.81,0
20251104,1762185600000,45.699999999999996,45.93,44.51,44.87,10021,45172137.0,0.0,15,45.699999999999996,0
20251105,1762272000000,44.33,44.96,44.18,44.6,7337,32743456.0,0.0,15,44.87,0
20251106,1762358400000,44.58,46.3,44.58,45.64,12747,58094429.0,0.0,15,44.6,0
20251107,1762444800000,45.410000000000004,45.45,44.85,45.01,8074,36369966.99999999,0.0,15,45.64,0
20251110,1762704000000,45.0,45.87,45.0,45.41,7909,35897236.0,0.0,15,45.01,0
20251111,1762790400000,45.39,45.98,45.0,45.02,8409,38211366.0,0.0,15,45.41,0
20251112,1762876800000,45.0,45.07,44.1,44.160000000000004,7304,32496640.000000004,0.0,15,45.02,0
20251113,1762963200000,43.9,44.589999999999996,43.9,44.33,5676,25120046.0,0.0,15,44.16,0
20251114,1763049600000,44.019999999999996,44.26,43.47,43.47,7973,34903072.0,0.0,15,44.33,0
20251117,1763308800000,43.34,44.45,43.2,43.56,6781,29771609.0,0.0,15,43.470000000000006,0
20251118,1763395200000,43.56,45.18,43.56,44.21,9930,44150011.0,0.0,15,43.56,0
20251119,1763481600000,44.0,46.6,43.38,46.18,25236,114739127.0,0.0,15,44.21,0
20251120,1763568000000,46.18,46.190000000000005,44.35,44.36,16191,72736041.0,0.0,15,46.18,0
20251121,1763654400000,43.5,43.9,42.28,42.300000000000004,11776,50511302.0,0.0,15,44.36,0
20251124,1763913600000,41.949999999999996,42.85,41.9,42.67,8063,34088497.0,0.0,15,42.3,0
20251125,1764000000000,42.85,43.49,42.59,42.61000000000001,7686,33107033.0,0.0,15,42.67,0
20251126,1764086400000,42.36,42.89,42.15,42.309999999999995,6499,27620139.999999996,0.0,15,42.61,0
20251127,1764172800000,42.07,43.3,42.07,42.42,7015,30011465.000000004,0.0,15,42.31,0
20251128,1764259200000,42.19,42.75,42.19,42.559999999999995,5265,22323913.0,0.0,15,42.419999999999995,0
20251201,1764518400000,42.99,45.96,42.99,44.99,19212,85993454.0,0.0,15,42.56,0
20251202,1764604800000,44.86,44.86,43.7,43.730000000000004,9538,41939988.99999999,0.0,15,44.99,0
20251203,1764691200000,43.82,44.8,43.4,44.05,10338,45632191.0,0.0,15,43.73,0
20251204,1764777600000,44.010000000000005,44.010000000000005,42.800000000000004,43.35,7286,31558372.0,0.0,15,44.050000000000004,0
20251205,1764864000000,43.65,44.89,42.75,44.16,9862,43237749.0,0.0,15,43.35,0
20251208,1765123200000,44.160000000000004,45.49,44.14,45.2,14596,65855495.00000001,0.0,15,44.160000000000004,0
20251209,1765209600000,44.85,45.48,44.29,44.29,10637,47667961.00000001,0.0,15,45.199999999999996,0
20251210,1765296000000,44.25,44.56,43.18,43.46,12714,55524589.0,0.0,15,44.29,0
20251211,1765382400000,44.04,45.69,43.46,45.1,29454,132117768.00000001,0.0,15,43.46,0
20251212,1765468800000,44.9,46.86,44.12,46.86,31462,144772394.0,0.0,15,45.099999999999994,0
20251215,1765728000000,45.92,46.85,45.89,46.35,13635,63276980.0,0.0,15,46.86,0
20251216,1765814400000,46.54,46.54,44.71,45.58,14809,66955202.0,0.0,15,46.35,0
20251217,1765900800000,45.580000000000005,45.95,44.45,45.85,11320,51275712.0,0.0,15,45.580000000000005,0
20251218,1765987200000,45.49,47.4,45.39,45.85,13914,64779991.00000001,0.0,15,45.85,0
20251219,1766073600000,45.85,46.84,45.07,45.12,10288,46911406.0,0.0,15,45.85,0
20251222,1766332800000,45.1,46.760000000000005,45.1,45.940000000000005,14442,66787250.00000001,0.0,15,45.120000000000005,0
20251223,1766419200000,45.58,48.98,45.58,48.64,40233,192784872.0,0.0,15,45.94,0
20251224,1766505600000,48.98,50.15,48.26,49.32,31357,154748720.0,0.0,15,48.64,0
20251225,1766592000000,49.07,49.28,47.58,48.449999999999996,21564,104020995.0,0.0,15,49.32,0
20251226,1766678400000,48.46,48.870000000000005,47.78,48.35,14992,72505987.00000001,0.0,15,48.45,0
20251229,1766937600000,48.019999999999996,48.39,46.9,47.059999999999995,16660,79055006.0,0.0,15,48.35,0
20251230,1767024000000,47.06,47.910000000000004,46.7,47.190000000000005,17351,81900153.0,0.0,15,47.06,0
20251231,1767110400000,47.26,47.589999999999996,46.18,46.53,13094,61087747.0,0.0,15,47.19,0
20260105,1767542400000,46.9,47.8,46.9,47.54,15041,71337788.0,0.0,15,46.53,0
20260106,1767628800000,47.790000000000006,48.690000000000005,47.09,47.52,21167,101002127.0,0.0,15,47.540000000000006,0
20260107,1767715200000,48.06,51.21,48.06,50.690000000000005,54547,272221614.0,0.0,15,47.52,0
20260108,1767801600000,50.6,51.55,49.22,50.37,33020,166153885.0,0.0,15,50.69,0
20260109,1767888000000,50.0,50.7,49.53,50.370000000000005,26144,131250767.0,0.0,15,50.370000000000005,0
20260112,1768147200000,50.5,50.88,49.6,49.93,26133,130475938.0,0.0,15,50.370000000000005,0
20260113,1768233600000,49.89,50.76,48.15,48.199999999999996,26456,130312936.0,0.0,15,49.93,0
20260114,1768320000000,48.61,49.699999999999996,48.22,48.79,27747,135680069.0,0.0,15,48.199999999999996,0
20260115,1768406400000,48.51,50.24,48.22,49.93,21910,107887906.99999999,0.0,15,48.79,0
20260116,1768492800000,50.50000000000001,51.830000000000005,49.980000000000004,51.470000000000006,38457,196319577.0,0.0,15,49.93000000000001,0
20260119,1768752000000,51.5,52.47,50.19,50.199999999999996,24710,125594750.0,0.0,15,51.47,0
20260120,1768838400000,50.760000000000005,50.99,49.38,50.300000000000004,22791,114052727.0,0.0,15,50.2,0
20260121,1768924800000,50.1,51.72,49.9,51.17,24527,124828719.00000001,0.0,15,50.3,0
20260122,1769011200000,51.45,51.68,49.7,50.42,21476,108009830.0,0.0,15,51.17,0
20260123,1769097600000,50.650000000000006,50.75,49.88,50.690000000000005,16748,84152603.0,0.0,15,50.42,0
20260126,1769356800000,50.68,50.980000000000004,48.06,48.24,28727,140506297.99999997,0.0,15,50.690000000000005,0
20260127,1769443200000,48.25,50.05,47.11,49.7,25346,123900257.0,0.0,15,48.24,0
20260128,1769529600000,49.650000000000006,50.980000000000004,49.050000000000004,49.900000000000006,22026,110104129.0,0.0,15,49.7,0
20260129,1769616000000,49.71,49.71,47.32,47.33,24910,120433704.0,0.0,15,49.9,0
20260130,1769702400000,47.42,48.78,47.07,47.89,14763,70764996.0,0.0,15,47.33,0
20260202,1769961600000,48.0,49.29,47.11,47.11,18629,89190171.0,0.0,15,47.89,0
20260203,1770048000000,47.19,48.269999999999996,47.12,47.71,13248,63038939.0,0.0,15,47.11,0
20260204,1770134400000,47.5,47.519999999999996,46.44,47.089999999999996,12886,60460864.00000001,0.0,15,47.71,0
20260205,1770220800000,46.79,46.79,45.68,46.0,10456,48124031.0,0.0,15,47.089999999999996,0
20260206,1770307200000,46.0,46.59,45.46,46.0,9505,43754755.99999999,0.0,15,46.0,0
20260209,1770566400000,47.0,47.5,46.4,46.66,9796,45968731.0,0.0,15,46.0,0
20260210,1770652800000,46.89000000000001,47.53,46.300000000000004,46.900000000000006,9183,43167825.0,0.0,15,46.660000000000004,0
20260211,1770739200000,46.9,47.21,46.4,46.8,7304,34168811.00000001,0.0,15,46.9,0
20260212,1770825600000,46.81,48.300000000000004,46.78,47.76,13206,62769513.00000001,0.0,15,46.800000000000004,0
20260213,1770912000000,47.7,50.2,47.25,48.6,26591,130605036.00000001,0.0,15,47.76,0
20260224,1771862400000,48.6,49.49,47.870000000000005,49.00000000000001,16165,78834868.00000001,0.0,15,48.6,0
20260225,1771948800000,48.96,50.6,48.300000000000004,49.900000000000006,26301,130378149.0,0.0,15,49.00000000000001,0
20260226,1772035200000,49.650000000000006,52.36,49.2,51.300000000000004,35766,183189228.0,0.0,15,49.900000000000006,0
20260227,1772121600000,50.61,50.63,48.89,49.5,24104,119296631.0,0.0,15,51.3,0
20260302,1772380800000,48.5,49.33,47.67,47.92,20961,101189912.00000001,0.0,15,49.5,0
20260303,1772467200000,47.84,48.17,43.18,43.36,33630,151791242.0,0.0,15,47.92,0
20260304,1772553600000,43.5,44.3,43.08,43.35,15764,68759255.0,0.0,15,43.36,0
20260305,1772640000000,44.00000000000001,45.49,43.980000000000004,44.18000000000001,17060,76067485.0,0.0,15,43.35,0
20260306,1772726400000,44.18,44.26,43.6,43.96,10973,48155179.0,0.0,15,44.18,0
20260309,1772985600000,43.0,43.78,42.0,43.51,17136,73255744.0,0.0,15,43.96,0
20260310,1773072000000,43.9,44.879999999999995,43.9,44.68,11462,50968316.0,0.0,15,43.51,0
20260311,1773158400000,44.68000000000001,45.260000000000005,44.230000000000004,44.32000000000001,10606,47346934.0,0.0,15,44.68000000000001,0
20260312,1773244800000,44.199999999999996,44.62,43.29,43.73,11523,50392500.0,0.0,15,44.32,0
20260313,1773331200000,43.31,43.95,43.06,43.25,6588,28587984.0,0.0,15,43.730000000000004,0
20260316,1773590400000,43.25,44.5,42.49,44.370000000000005,11624,50655934.0,0.0,15,43.25,0
20260317,1773676800000,44.37,44.5,43.0,43.16,11695,51150946.00000001,0.0,15,44.37,0
20260318,1773763200000,43.18,43.580000000000005,42.45,43.470000000000006,8238,35406089.99999999,0.0,15,43.160000000000004,0
20260319,1773849600000,42.81,42.970000000000006,41.88,42.2,8072,34200213.0,0.0,15,43.470000000000006,0
20260320,1773936000000,42.18,42.67,41.15,41.15,7157,30119175.000000004,0.0,15,42.199999999999996,0
20260323,1774195200000,40.64,40.650000000000006,38.45,38.800000000000004,13701,54063295.0,0.0,15,41.150000000000006,0
20260324,1774281600000,39.35,40.7,38.550000000000004,40.080000000000005,12982,50975116.99999999,0.0,15,38.800000000000004,0
20260325,1774368000000,40.9,41.46,40.01,40.71,9985,40902739.0,0.0,15,40.08,0
20260326,1774454400000,40.63,40.79,39.0,39.44,7971,31819004.0,0.0,15,40.71,0
20260327,1774540800000,38.9,39.980000000000004,38.64,39.6,9131,35939228.0,0.0,15,39.44,0
20260330,1774800000000,39.21,39.7,38.68,39.51,9905,38865024.0,0.0,15,39.6,0
20260331,1774886400000,40.0,40.13,38.56,38.59,9731,38241976.0,0.0,15,39.510000000000005,0
20260401,1774972800000,39.5,39.8,39.0,39.23,7757,30463923.000000004,0.0,15,38.59,0
20260402,1775059200000,39.00000000000001,39.50000000000001,37.230000000000004,37.620000000000005,8902,33957852.0,0.0,15,39.230000000000004,0
20260403,1775145600000,37.79,37.870000000000005,36.56,37.080000000000005,10035,37080906.0,0.0,15,37.620000000000005,0
20260407,1775491200000,37.08,38.1,37.08,37.4,6850,25704861.0,0.0,15,37.08,0
20260408,1775577600000,38.55,39.74,38.11,39.64,11189,43607699.0,0.0,15,37.4,0
20260409,1775664000000,39.52,39.870000000000005,39.02,39.03,9707,38178047.0,0.0,15,39.64,0
20260410,1775750400000,39.55,39.9,39.26,39.44,8716,34540554.0,0.0,15,39.03,0
20260413,1776009600000,39.4,39.88,39.0,39.3,9718,38263574.0,0.0,15,39.44,0
20260414,1776096000000,39.58,40.379999999999995,39.58,39.96,11738,46801621.0,0.0,15,39.3,0
20260415,1776182400000,40.04,40.38,39.39,39.45,9813,38989504.0,0.0,15,39.96,0
20260416,1776268800000,39.88,39.95,39.36,39.92,7732,30694900.000000004,0.0,15,39.45,0
20260417,1776355200000,39.72,42.2,39.67,41.85,21265,86830761.0,0.0,15,39.92,0
20260420,1776614400000,41.800000000000004,44.620000000000005,41.06,43.760000000000005,32578,141491362.00000003,0.0,15,41.85,0
20260421,1776700800000,43.440000000000005,45.47,42.42,44.160000000000004,25523,111978764.0,0.0,15,43.760000000000005,0
20260422,1776787200000,43.89,46.6,42.88,45.57,35257,158690194.0,0.0,15,44.160000000000004,0
20260423,1776873600000,45.199999999999996,45.5,43.01,43.19,29261,128734289.0,0.0,15,45.57,0
20260424,1776960000000,42.96,43.96,42.71,43.13,15679,67957307.0,0.0,15,43.19,0
20260427,1777219200000,43.19,49.489999999999995,43.19,48.129999999999995,59732,282515847.0,0.0,15,43.129999999999995,0
20260428,1777305600000,47.5,47.5,45.22,45.49,28654,132093334.0,0.0,15,48.129999999999995,0
20260429,1777392000000,45.26,45.87,44.51,45.28,18415,83554537.0,0.0,15,45.489999999999995,0
20260430,1777478400000,45.4,46.2,44.0,45.57,21864,98825378.0,0.0,15,45.28,0
20260506,1777996800000,46.300000000000004,46.900000000000006,45.660000000000004,46.050000000000004,30823,143171490.0,0.0,15,45.57,0
20260507,1778083200000,46.0,47.13,45.61,46.7,23803,110643666.0,0.0,15,46.05,0
20260508,1778169600000,46.050000000000004,46.2,44.910000000000004,45.400000000000006,33280,151180510.0,0.0,15,46.7,0
20260511,1778428800000,45.6,47.33,45.58,46.65,30977,143847120.99999997,0.0,15,45.4,0
20260512,1778515200000,46.52,47.650000000000006,45.59,47.5,34009,159419577.00000003,0.0,15,46.650000000000006,0
20260513,1778601600000,46.8,47.589999999999996,46.01,47.309999999999995,27433,128539612.99999999,0.0,15,47.5,0
20260514,1778688000000,47.32,48.49,46.660000000000004,47.46,41498,198176028.0,0.0,15,47.31,0
20260515,1778774400000,47.71,49.160000000000004,46.6,48.18,47157,226716351.99999997,0.0,15,47.46,0
20260518,1779033600000,47.39,49.5,47.11,47.8,39477,189747203.0,0.0,15,48.18,0
20260519,1779120000000,47.32,49.46,46.75,49.3,45888,221506688.0,0.0,15,47.8,0
20260520,1779206400000,48.81,51.910000000000004,48.660000000000004,51.620000000000005,64227,326362790.0,0.0,15,49.300000000000004,0
20260521,1779292800000,51.01,52.0,47.0,47.51,56938,285174438.0,0.0,15,51.62,0
20260522,1779379200000,47.77,49.480000000000004,47.2,48.5,39424,190037177.0,0.0,15,47.510000000000005,0
20260525,1779638400000,48.69,52.3,47.0,51.71,65398,330031376.0,0.0,15,48.5,0
20260526,1779724800000,51.5,52.980000000000004,49.77,51.080000000000005,57162,291751747.0,0.0,15,51.71,0
